duck_id,base_timestamp,forecast_timestamp,start_lat,start_lon,forecast_lat,forecast_lon
234497,9/19/24 23:44,9/20/24 23:44,46.456356048583984,-98.33416748,46.454219818115234,-98.3330307
234497,9/19/24 23:44,9/21/24 23:44,46.456356048583984,-98.33416748,46.45412826538086,-98.33317566
234497,9/19/24 23:44,9/22/24 23:44,46.456356048583984,-98.33416748,46.45421219,-98.33335114
234497,9/19/24 23:44,9/23/24 23:44,46.456356048583984,-98.33416748,46.45441436767578,-98.3335495
234497,9/19/24 23:44,9/24/24 23:44,46.456356048583984,-98.33416748,46.455204010009766,-98.33525848
234497,9/19/24 23:44,9/25/24 23:44,46.456356048583984,-98.33416748,46.45423889160156,-98.33446503
234497,9/19/24 23:44,9/26/24 23:44,46.456356048583984,-98.33416748,46.44873428344727,-98.33669281
234509,8/18/24 17:59,8/19/24 17:59,51.23908996582031,-102.2824554,51.23911285400391,-102.2824783
234509,8/18/24 17:59,8/20/24 17:59,51.23908996582031,-102.2824554,51.239139556884766,-102.2826157
234509,8/18/24 17:59,8/21/24 17:59,51.23908996582031,-102.2824554,51.23906707763672,-102.2824936
234509,8/18/24 17:59,8/22/24 17:59,51.23908996582031,-102.2824554,51.239044189453125,-102.2824631
234509,8/18/24 17:59,8/23/24 17:59,51.23908996582031,-102.2824554,51.23919296264648,-102.2827454
234509,8/18/24 17:59,8/24/24 17:59,51.23908996582031,-102.2824554,51.23919296264648,-102.2827377
234509,8/18/24 17:59,8/25/24 17:59,51.23908996582031,-102.2824554,51.238895416259766,-102.2816925
234511,9/19/24 23:48,9/20/24 23:48,51.95267868041992,-105.4780579,51.95256423950195,-105.4789886
234511,9/19/24 23:48,9/21/24 23:48,51.95267868041992,-105.4780579,51.952613830566406,-105.4779434
234511,9/19/24 23:48,9/22/24 23:48,51.95267868041992,-105.4780579,51.95269012451172,-105.4790878
234511,9/19/24 23:48,9/23/24 23:48,51.95267868041992,-105.4780579,51.95264053344727,-105.4791183
234511,9/19/24 23:48,9/24/24 23:48,51.95267868041992,-105.4780579,51.95276641845703,-105.4789276
234511,9/19/24 23:48,9/25/24 23:48,51.95267868041992,-105.4780579,51.952667236328125,-105.4791412
234511,9/19/24 23:48,9/26/24 23:48,51.95267868041992,-105.4780579,51.95266342163086,-105.4779892
234512,9/19/24 23:53,9/20/24 23:53,50.571510314941406,-100.3303375,50.55961608886719,-100.3192291
234512,9/19/24 23:53,9/21/24 23:53,50.571510314941406,-100.3303375,50.55954360961914,-100.3192291
234512,9/19/24 23:53,9/22/24 23:53,50.571510314941406,-100.3303375,50.55949783325195,-100.319191
234512,9/19/24 23:53,9/23/24 23:53,50.571510314941406,-100.3303375,50.55961227416992,-100.3191528
234512,9/19/24 23:53,9/24/24 23:53,50.571510314941406,-100.3303375,50.559600830078125,-100.3192749
234512,9/19/24 23:53,9/25/24 23:53,50.571510314941406,-100.3303375,50.55918884277344,-100.319809
234512,9/19/24 23:53,9/26/24 23:53,50.571510314941406,-100.3303375,50.557247161865234,-100.3336868
234522,9/19/24 23:19,9/20/24 23:19,53.18312072753906,-108.7820282,53.18316268920898,-108.7820053
234522,9/19/24 23:19,9/21/24 23:19,53.18312072753906,-108.7820282,53.18316268920898,-108.7819977
234522,9/19/24 23:19,9/22/24 23:19,53.18312072753906,-108.7820282,53.182952880859375,-108.7826385
234522,9/19/24 23:19,9/23/24 23:19,53.18312072753906,-108.7820282,53.18313980102539,-108.7824402
234522,9/19/24 23:19,9/24/24 23:19,53.18312072753906,-108.7820282,53.18297195,-108.7826691
234522,9/19/24 23:19,9/25/24 23:19,53.18312072753906,-108.7820282,53.183135986328125,-108.7821503
234522,9/19/24 23:19,9/26/24 23:19,53.18312072753906,-108.7820282,53.183082580566406,-108.7819977
234528,9/8/24 9:49,9/9/24 9:49,53.95972442626953,-111.4999924,53.95971298217773,-111.5
234528,9/8/24 9:49,9/10/24 9:49,53.95972442626953,-111.4999924,53.95987319946289,-111.4991455
234528,9/8/24 9:49,9/11/24 9:49,53.95972442626953,-111.4999924,53.960182189941406,-111.4990692
234528,9/8/24 9:49,9/12/24 9:49,53.95972442626953,-111.4999924,53.95993041992188,-111.4987488
234528,9/8/24 9:49,9/13/24 9:49,53.95972442626953,-111.4999924,53.960182189941406,-111.4990997
234528,9/8/24 9:49,9/14/24 9:49,53.95972442626953,-111.4999924,53.96011734008789,-111.498703
234528,9/8/24 9:49,9/15/24 9:49,53.95972442626953,-111.4999924,53.960235595703125,-111.498291
234531,9/19/24 23:48,9/20/24 23:48,45.92286301,-97.90711212,45.922794342041016,-97.90716553
234531,9/19/24 23:48,9/21/24 23:48,45.92286301,-97.90711212,45.92282485961914,-97.9072113
234531,9/19/24 23:48,9/22/24 23:48,45.92286301,-97.90711212,45.92285919189453,-97.90722656
234531,9/19/24 23:48,9/23/24 23:48,45.92286301,-97.90711212,45.92284012,-97.90718842
234531,9/19/24 23:48,9/24/24 23:48,45.92286301,-97.90711212,45.92269134521485,-97.90732574
234531,9/19/24 23:48,9/25/24 23:48,45.92286301,-97.90711212,45.92282104492188,-97.90721893
234531,9/19/24 23:48,9/26/24 23:48,45.92286301,-97.90711212,45.92298889160156,-97.90718842
234537,9/19/24 23:22,9/20/24 23:22,46.60146713256836,-98.08821869,46.60149765014648,-98.08808136
234537,9/19/24 23:22,9/21/24 23:22,46.60146713256836,-98.08821869,46.60117721557617,-98.08786774
234537,9/19/24 23:22,9/22/24 23:22,46.60146713256836,-98.08821869,46.60184097290039,-98.08837891
234537,9/19/24 23:22,9/23/24 23:22,46.60146713256836,-98.08821869,46.60167313,-98.08833313
234537,9/19/24 23:22,9/24/24 23:22,46.60146713256836,-98.08821869,46.60172653198242,-98.0883255
234537,9/19/24 23:22,9/25/24 23:22,46.60146713256836,-98.08821869,46.60167694091797,-98.08829498
234537,9/19/24 23:22,9/26/24 23:22,46.60146713256836,-98.08821869,46.60190200805664,-98.08815002
234541,9/19/24 23:20,9/20/24 23:20,51.14339828491211,-103.7222137,51.14351272583008,-103.7224426
234541,9/19/24 23:20,9/21/24 23:20,51.14339828491211,-103.7222137,51.14349365234375,-103.7223892
234541,9/19/24 23:20,9/22/24 23:20,51.14339828491211,-103.7222137,51.14312362670898,-103.7221298
234541,9/19/24 23:20,9/23/24 23:20,51.14339828491211,-103.7222137,51.14352416992188,-103.7222595
234541,9/19/24 23:20,9/24/24 23:20,51.14339828491211,-103.7222137,51.14350891113281,-103.7225647
234541,9/19/24 23:20,9/25/24 23:20,51.14339828491211,-103.7222137,51.14332199,-103.7223892
234541,9/19/24 23:20,9/26/24 23:20,51.14339828491211,-103.7222137,51.14347457885742,-103.7222443
234542,9/19/24 23:56,9/20/24 23:56,45.48298645019531,-98.3167572,45.48304367,-98.31687164
234542,9/19/24 23:56,9/21/24 23:56,45.48298645019531,-98.3167572,45.48292541503906,-98.3169632
234542,9/19/24 23:56,9/22/24 23:56,45.48298645019531,-98.3167572,45.48315048217773,-98.31665039
234542,9/19/24 23:56,9/23/24 23:56,45.48298645019531,-98.3167572,45.48307800292969,-98.31658173
234542,9/19/24 23:56,9/24/24 23:56,45.48298645019531,-98.3167572,45.48310470581055,-98.31658173
234542,9/19/24 23:56,9/25/24 23:56,45.48298645019531,-98.3167572,45.48310089111328,-98.31651306
234542,9/19/24 23:56,9/26/24 23:56,45.48298645019531,-98.3167572,45.48327255249024,-98.31612396
234545,9/19/24 23:24,9/20/24 23:24,58.428524017333984,-111.8588486,58.4282341,-111.860527
234545,9/19/24 23:24,9/21/24 23:24,58.428524017333984,-111.8588486,58.42799377441406,-111.860199
234545,9/19/24 23:24,9/22/24 23:24,58.428524017333984,-111.8588486,58.42835998535156,-111.8580399
234545,9/19/24 23:24,9/23/24 23:24,58.428524017333984,-111.8588486,58.428977966308594,-111.8594437
234545,9/19/24 23:24,9/24/24 23:24,58.428524017333984,-111.8588486,58.428409576416016,-111.8603821
234545,9/19/24 23:24,9/25/24 23:24,58.428524017333984,-111.8588486,58.429237365722656,-111.8599701
234545,9/19/24 23:24,9/26/24 23:24,58.428524017333984,-111.8588486,58.42959213256836,-111.8600693
234547,9/19/24 23:35,9/20/24 23:35,50.19095230102539,-99.8131485,50.195499420166016,-99.81187439
234547,9/19/24 23:35,9/21/24 23:35,50.19095230102539,-99.8131485,50.19521713256836,-99.81178284
234547,9/19/24 23:35,9/22/24 23:35,50.19095230102539,-99.8131485,50.19694137573242,-99.81288147
234547,9/19/24 23:35,9/23/24 23:35,50.19095230102539,-99.8131485,50.19694900512695,-99.81285858
234547,9/19/24 23:35,9/24/24 23:35,50.19095230102539,-99.8131485,50.197113037109375,-99.81272125
234547,9/19/24 23:35,9/25/24 23:35,50.19095230102539,-99.8131485,50.19709777832031,-99.81290436
234547,9/19/24 23:35,9/26/24 23:35,50.19095230102539,-99.8131485,50.19697189331055,-99.8128891
234556,9/19/24 23:34,9/20/24 23:34,49.60894393920898,-101.7803497,49.60895538330078,-101.7802582
234556,9/19/24 23:34,9/21/24 23:34,49.60894393920898,-101.7803497,49.608917236328125,-101.7802811
234556,9/19/24 23:34,9/22/24 23:34,49.60894393920898,-101.7803497,49.60891342163086,-101.7802887
234556,9/19/24 23:34,9/23/24 23:34,49.60894393920898,-101.7803497,49.60889816,-101.7802048
234556,9/19/24 23:34,9/24/24 23:34,49.60894393920898,-101.7803497,49.60890197753906,-101.7801743
234556,9/19/24 23:34,9/25/24 23:34,49.60894393920898,-101.7803497,49.60890961,-101.7802124
234556,9/19/24 23:34,9/26/24 23:34,49.60894393920898,-101.7803497,49.60883331298828,-101.7803802
234564,9/19/24 23:27,9/20/24 23:27,52.792625427246094,-106.2100372,52.79205703735352,-106.2098618
234564,9/19/24 23:27,9/21/24 23:27,52.792625427246094,-106.2100372,52.79263305664063,-106.2124557
234564,9/19/24 23:27,9/22/24 23:27,52.792625427246094,-106.2100372,52.79248809814453,-106.2099075
234564,9/19/24 23:27,9/23/24 23:27,52.792625427246094,-106.2100372,52.79278945922852,-106.2142029
234564,9/19/24 23:27,9/24/24 23:27,52.792625427246094,-106.2100372,52.79256057739258,-106.2121658
234564,9/19/24 23:27,9/25/24 23:27,52.792625427246094,-106.2100372,52.79253768920898,-106.2121506
234564,9/19/24 23:27,9/26/24 23:27,52.792625427246094,-106.2100372,52.79281997680664,-106.2142563
234575,9/19/24 23:41,9/20/24 23:41,50.56093215942383,-101.8984375,50.55309295654297,-101.9078369
234575,9/19/24 23:41,9/21/24 23:41,50.56093215942383,-101.8984375,50.54880142211914,-101.9064407
234575,9/19/24 23:41,9/22/24 23:41,50.56093215942383,-101.8984375,50.54857254,-101.906311
234575,9/19/24 23:41,9/23/24 23:41,50.56093215942383,-101.8984375,50.54883957,-101.9065247
234575,9/19/24 23:41,9/24/24 23:41,50.56093215942383,-101.8984375,50.55736923217773,-101.9022751
234575,9/19/24 23:41,9/25/24 23:41,50.56093215942383,-101.8984375,50.54841232299805,-101.9062347
234575,9/19/24 23:41,9/26/24 23:41,50.56093215942383,-101.8984375,50.54819488525391,-101.9060364
234591,9/19/24 23:29,9/20/24 23:29,48.66364288330078,-102.6073532,48.66557693481445,-102.6060257
234591,9/19/24 23:29,9/21/24 23:29,48.66364288330078,-102.6073532,48.66529083251953,-102.6051559
234591,9/19/24 23:29,9/22/24 23:29,48.66364288330078,-102.6073532,48.66547393798828,-102.6039276
234591,9/19/24 23:29,9/23/24 23:29,48.66364288330078,-102.6073532,48.66506195,-102.6045761
234591,9/19/24 23:29,9/24/24 23:29,48.66364288330078,-102.6073532,48.66362762451172,-102.6073685
234591,9/19/24 23:29,9/25/24 23:29,48.66364288330078,-102.6073532,48.66463470458984,-102.6031036
234591,9/19/24 23:29,9/26/24 23:29,48.66364288330078,-102.6073532,48.66462326049805,-102.6032333
226506,9/19/24 23:05,9/20/24 23:05,46.71079254150391,-99.12490082,46.71021652,-99.12376404
226506,9/19/24 23:05,9/21/24 23:05,46.71079254150391,-99.12490082,46.71068954467773,-99.12361145
226506,9/19/24 23:05,9/22/24 23:05,46.71079254150391,-99.12490082,46.71059036254883,-99.12404633
226506,9/19/24 23:05,9/23/24 23:05,46.71079254150391,-99.12490082,46.71043395996094,-99.12395477
226506,9/19/24 23:05,9/24/24 23:05,46.71079254150391,-99.12490082,46.71037292480469,-99.12393951
226506,9/19/24 23:05,9/25/24 23:05,46.71079254150391,-99.12490082,46.71007537841797,-99.1237793
226506,9/19/24 23:05,9/26/24 23:05,46.71079254150391,-99.12490082,46.71036911010742,-99.12429047
226513,9/19/24 23:04,9/20/24 23:04,45.78470230102539,-96.92391968,45.78447723388672,-96.92398071
226513,9/19/24 23:04,9/21/24 23:04,45.78470230102539,-96.92391968,45.78468704223633,-96.92391968
226513,9/19/24 23:04,9/22/24 23:04,45.78470230102539,-96.92391968,45.78444290161133,-96.9241333
226513,9/19/24 23:04,9/23/24 23:04,45.78470230102539,-96.92391968,45.78456497192383,-96.92405701
226513,9/19/24 23:04,9/24/24 23:04,45.78470230102539,-96.92391968,45.78474807739258,-96.92366791
226513,9/19/24 23:04,9/25/24 23:04,45.78470230102539,-96.92391968,45.78483963012695,-96.92403412
226513,9/19/24 23:04,9/26/24 23:04,45.78470230102539,-96.92391968,45.784549713134766,-96.92377472
226514,9/19/24 23:18,9/20/24 23:18,53.55611038208008,-107.0481339,53.55525970458984,-107.0542221
226514,9/19/24 23:18,9/21/24 23:18,53.55611038208008,-107.0481339,53.55524444580078,-107.054184
226514,9/19/24 23:18,9/22/24 23:18,53.55611038208008,-107.0481339,53.55524063110352,-107.0542755
226514,9/19/24 23:18,9/23/24 23:18,53.55611038208008,-107.0481339,53.55503845214844,-107.054184
226514,9/19/24 23:18,9/24/24 23:18,53.55611038208008,-107.0481339,53.556114196777344,-107.0480652
226514,9/19/24 23:18,9/25/24 23:18,53.55611038208008,-107.0481339,53.55618667602539,-107.0479355
226514,9/19/24 23:18,9/26/24 23:18,53.55611038208008,-107.0481339,53.55619812011719,-107.0478897
226516,9/19/24 10:35,9/20/24 10:35,47.68828201293945,-99.17491913,47.68830871582031,-99.17498016
226516,9/19/24 10:35,9/21/24 10:35,47.68828201293945,-99.17491913,47.688255310058594,-99.17490387
226516,9/19/24 10:35,9/22/24 10:35,47.68828201293945,-99.17491913,47.68839645385742,-99.17505646
226516,9/19/24 10:35,9/23/24 10:35,47.68828201293945,-99.17491913,47.68829727172852,-99.17495728
226516,9/19/24 10:35,9/24/24 10:35,47.68828201293945,-99.17491913,47.688026428222656,-99.17473602
226516,9/19/24 10:35,9/25/24 10:35,47.68828201293945,-99.17491913,47.68822098,-99.17505646
226516,9/19/24 10:35,9/26/24 10:35,47.68828201293945,-99.17491913,47.68832015991211,-99.17493439
226517,9/19/24 23:50,9/20/24 23:50,50.42004395,-80.70050049,50.42028045654297,-80.70011902
226517,9/19/24 23:50,9/21/24 23:50,50.42004395,-80.70050049,50.422245025634766,-80.69911957
226517,9/19/24 23:50,9/22/24 23:50,50.42004395,-80.70050049,50.422584533691406,-80.69879913
226517,9/19/24 23:50,9/23/24 23:50,50.42004395,-80.70050049,50.42244338989258,-80.6989212
226517,9/19/24 23:50,9/24/24 23:50,50.42004395,-80.70050049,50.42237091064453,-80.69932556
226517,9/19/24 23:50,9/25/24 23:50,50.42004395,-80.70050049,50.42250061035156,-80.69920349
226517,9/19/24 23:50,9/26/24 23:50,50.42004395,-80.70050049,50.42243957519531,-80.69914246
226520,9/19/24 23:14,9/20/24 23:14,48.231422424316406,-101.7961731,48.22877502441406,-101.7978821
226520,9/19/24 23:14,9/21/24 23:14,48.231422424316406,-101.7961731,48.22896957397461,-101.7977905
226520,9/19/24 23:14,9/22/24 23:14,48.231422424316406,-101.7961731,48.22871780395508,-101.7980652
226520,9/19/24 23:14,9/23/24 23:14,48.231422424316406,-101.7961731,48.22875595092773,-101.7981873
226520,9/19/24 23:14,9/24/24 23:14,48.231422424316406,-101.7961731,48.22873306274414,-101.7981949
226520,9/19/24 23:14,9/25/24 23:14,48.231422424316406,-101.7961731,48.22869491577149,-101.7980499
226520,9/19/24 23:14,9/26/24 23:14,48.231422424316406,-101.7961731,48.228782653808594,-101.7980118
226521,9/19/24 23:18,9/20/24 23:18,36.073692321777344,-85.62386322,36.074100494384766,-85.62371826
226521,9/19/24 23:18,9/21/24 23:18,36.073692321777344,-85.62386322,36.07400894165039,-85.62392426
226521,9/19/24 23:18,9/22/24 23:18,36.073692321777344,-85.62386322,36.08121490478516,-85.60866547
226521,9/19/24 23:18,9/23/24 23:18,36.073692321777344,-85.62386322,36.07380676269531,-85.6240387
226521,9/19/24 23:18,9/24/24 23:18,36.073692321777344,-85.62386322,36.07436752319336,-85.62476349
226521,9/19/24 23:18,9/25/24 23:18,36.073692321777344,-85.62386322,36.073673248291016,-85.62406158
226521,9/19/24 23:18,9/26/24 23:18,36.073692321777344,-85.62386322,36.07352066040039,-85.62399292
226524,9/19/24 23:11,9/20/24 23:11,50.27552032470703,-100.7989807,50.27488327026367,-100.7988129
226524,9/19/24 23:11,9/21/24 23:11,50.27552032470703,-100.7989807,50.27508163452149,-100.7984314
226524,9/19/24 23:11,9/22/24 23:11,50.27552032470703,-100.7989807,50.27528762817383,-100.7987976
226524,9/19/24 23:11,9/23/24 23:11,50.27552032470703,-100.7989807,50.27476119995117,-100.7984085
226524,9/19/24 23:11,9/24/24 23:11,50.27552032470703,-100.7989807,50.27532196044922,-100.7986145
226524,9/19/24 23:11,9/25/24 23:11,50.27552032470703,-100.7989807,50.27497482299805,-100.7984848
226524,9/19/24 23:11,9/26/24 23:11,50.27552032470703,-100.7989807,50.27480697631836,-100.798439
226526,9/19/24 23:58,9/20/24 23:58,47.99468231201172,-98.4115448,47.99481964111328,-98.41176605
226526,9/19/24 23:58,9/21/24 23:58,47.99468231201172,-98.4115448,47.99520111083984,-98.41435242
226526,9/19/24 23:58,9/22/24 23:58,47.99468231201172,-98.4115448,47.99541091918945,-98.41387939
226526,9/19/24 23:58,9/23/24 23:58,47.99468231201172,-98.4115448,47.99556350708008,-98.41383362
226526,9/19/24 23:58,9/24/24 23:58,47.99468231201172,-98.4115448,47.99514389038086,-98.41413116
226526,9/19/24 23:58,9/25/24 23:58,47.99468231201172,-98.4115448,47.995262145996094,-98.41365051
226526,9/19/24 23:58,9/26/24 23:58,47.99468231201172,-98.4115448,47.99543762207031,-98.41410065
226527,9/19/24 23:00,9/20/24 23:00,48.23630142211914,-98.81548309,48.23627853393555,-98.81544495
226527,9/19/24 23:00,9/21/24 23:00,48.23630142211914,-98.81548309,48.23678588867188,-98.81544495
226527,9/19/24 23:00,9/22/24 23:00,48.23630142211914,-98.81548309,48.23639297485352,-98.8154068
226527,9/19/24 23:00,9/23/24 23:00,48.23630142211914,-98.81548309,48.236602783203125,-98.81529236
226527,9/19/24 23:00,9/24/24 23:00,48.23630142211914,-98.81548309,48.23624038696289,-98.81536865
226527,9/19/24 23:00,9/25/24 23:00,48.23630142211914,-98.81548309,48.23620223999024,-98.81531525
226527,9/19/24 23:00,9/26/24 23:00,48.23630142211914,-98.81548309,48.23618698120117,-98.81517029
226529,9/19/24 23:00,9/20/24 23:00,50.92941284179688,-101.3800278,50.92969131469727,-101.3797989
226529,9/19/24 23:00,9/21/24 23:00,50.92941284179688,-101.3800278,50.92924499511719,-101.3799057
226529,9/19/24 23:00,9/22/24 23:00,50.92941284179688,-101.3800278,50.92939758300781,-101.3801193
226529,9/19/24 23:00,9/23/24 23:00,50.92941284179688,-101.3800278,50.92936325073242,-101.3797836
226529,9/19/24 23:00,9/24/24 23:00,50.92941284179688,-101.3800278,50.92944336,-101.379921
226529,9/19/24 23:00,9/25/24 23:00,50.92941284179688,-101.3800278,50.9294548,-101.3799438
226529,9/19/24 23:00,9/26/24 23:00,50.92941284179688,-101.3800278,50.92916870117188,-101.3799286
226530,9/19/24 23:45,9/20/24 23:45,47.42709732055664,-100.0383377,47.42753219604492,-100.0363922
226530,9/19/24 23:45,9/21/24 23:45,47.42709732055664,-100.0383377,47.42743682861328,-100.0363007
226530,9/19/24 23:45,9/22/24 23:45,47.42709732055664,-100.0383377,47.42719268798828,-100.0362778
226530,9/19/24 23:45,9/23/24 23:45,47.42709732055664,-100.0383377,47.42741012573242,-100.0361481
226530,9/19/24 23:45,9/24/24 23:45,47.42709732055664,-100.0383377,47.42710876464844,-100.0361633
226530,9/19/24 23:45,9/25/24 23:45,47.42709732055664,-100.0383377,47.42680740356445,-100.0372238
226530,9/19/24 23:45,9/26/24 23:45,47.42709732055664,-100.0383377,47.42753982543945,-100.0384369
226532,9/19/24 23:29,9/20/24 23:29,47.46513366699219,-100.4773483,47.46505737304688,-100.4772873
226532,9/19/24 23:29,9/21/24 23:29,47.46513366699219,-100.4773483,47.46561050415039,-100.4774551
226532,9/19/24 23:29,9/22/24 23:29,47.46513366699219,-100.4773483,47.46547317504883,-100.477417
226532,9/19/24 23:29,9/23/24 23:29,47.46513366699219,-100.4773483,47.46546936035156,-100.4773865
226532,9/19/24 23:29,9/24/24 23:29,47.46513366699219,-100.4773483,47.46538925170898,-100.4772797
226532,9/19/24 23:29,9/25/24 23:29,47.46513366699219,-100.4773483,47.46534729003906,-100.4771271
226532,9/19/24 23:29,9/26/24 23:29,47.46513366699219,-100.4773483,47.46523284912109,-100.4774475
226534,9/19/24 23:26,9/20/24 23:26,54.33621597290039,-110.2709122,54.33622360229492,-110.2709274
226534,9/19/24 23:26,9/21/24 23:26,54.33621597290039,-110.2709122,54.33609390258789,-110.2705307
226534,9/19/24 23:26,9/22/24 23:26,54.33621597290039,-110.2709122,54.333641052246094,-110.2726364
226534,9/19/24 23:26,9/23/24 23:26,54.33621597290039,-110.2709122,54.33403015136719,-110.2728653
226534,9/19/24 23:26,9/24/24 23:26,54.33621597290039,-110.2709122,54.33236312866211,-110.2723236
226534,9/19/24 23:26,9/25/24 23:26,54.33621597290039,-110.2709122,54.33232498168945,-110.2725372
226534,9/19/24 23:26,9/26/24 23:26,54.33621597290039,-110.2709122,54.33087158203125,-110.2719879
226540,9/19/24 23:02,9/20/24 23:02,47.25715255737305,-100.458374,47.26067733764648,-100.4677505
226540,9/19/24 23:02,9/21/24 23:02,47.25715255737305,-100.458374,47.26049423217773,-100.4677353
226540,9/19/24 23:02,9/22/24 23:02,47.25715255737305,-100.458374,47.26029586791992,-100.4675827
226540,9/19/24 23:02,9/23/24 23:02,47.25715255737305,-100.458374,47.260887145996094,-100.4679031
226540,9/19/24 23:02,9/24/24 23:02,47.25715255737305,-100.458374,47.26083755493164,-100.4678574
226540,9/19/24 23:02,9/25/24 23:02,47.25715255737305,-100.458374,47.26033020019531,-100.4676361
226540,9/19/24 23:02,9/26/24 23:02,47.25715255737305,-100.458374,47.26208114624024,-100.4660187
226543,9/19/24 23:26,9/20/24 23:26,46.00332260131836,-93.23442078,46.00342941,-93.23439026
226543,9/19/24 23:26,9/21/24 23:26,46.00332260131836,-93.23442078,46.004207611083984,-93.23618317
226543,9/19/24 23:26,9/22/24 23:26,46.00332260131836,-93.23442078,46.004024505615234,-93.23680115
226543,9/19/24 23:26,9/23/24 23:26,46.00332260131836,-93.23442078,46.00367355,-93.23465729
226543,9/19/24 23:26,9/24/24 23:26,46.00332260131836,-93.23442078,46.00362014770508,-93.23675537
226543,9/19/24 23:26,9/25/24 23:26,46.00332260131836,-93.23442078,46.003883361816406,-93.23544312
226543,9/19/24 23:26,9/26/24 23:26,46.00332260131836,-93.23442078,46.00364303588867,-93.23594666
226549,9/19/24 23:25,9/20/24 23:25,45.36455535888672,-92.46796417,45.36426544189453,-92.46735382
226549,9/19/24 23:25,9/21/24 23:25,45.36455535888672,-92.46796417,45.36467361450195,-92.46738434
226549,9/19/24 23:25,9/22/24 23:25,45.36455535888672,-92.46796417,45.36427307128906,-92.4677887
226549,9/19/24 23:25,9/23/24 23:25,45.36455535888672,-92.46796417,45.36477279663086,-92.46755219
226549,9/19/24 23:25,9/24/24 23:25,45.36455535888672,-92.46796417,45.36483383178711,-92.46761322
226549,9/19/24 23:25,9/25/24 23:25,45.36455535888672,-92.46796417,45.36476135253906,-92.46784973
226549,9/19/24 23:25,9/26/24 23:25,45.36455535888672,-92.46796417,45.36481475830078,-92.46755981
236791,9/19/24 23:55,9/20/24 23:55,47.48800277709961,-99.46089935,47.49707031,-99.4673233
236791,9/19/24 23:55,9/21/24 23:55,47.48800277709961,-99.46089935,47.49757004,-99.46781921
236791,9/19/24 23:55,9/22/24 23:55,47.48800277709961,-99.46089935,47.49760437011719,-99.4675293
236791,9/19/24 23:55,9/23/24 23:55,47.48800277709961,-99.46089935,47.49666976928711,-99.4677887
236791,9/19/24 23:55,9/24/24 23:55,47.48800277709961,-99.46089935,47.49764633178711,-99.46831512
236791,9/19/24 23:55,9/25/24 23:55,47.48800277709961,-99.46089935,47.49763488769531,-99.46779633
236791,9/19/24 23:55,9/26/24 23:55,47.48800277709961,-99.46089935,47.497291564941406,-99.46756744
236792,9/19/24 23:21,9/20/24 23:21,44.86189270019531,-93.19295502,44.86191177368164,-93.19297028
236792,9/19/24 23:21,9/21/24 23:21,44.86189270019531,-93.19295502,44.861934661865234,-93.19299316
236792,9/19/24 23:21,9/22/24 23:21,44.86189270019531,-93.19295502,44.86182403564453,-93.19269562
236792,9/19/24 23:21,9/23/24 23:21,44.86189270019531,-93.19295502,44.86205291748047,-93.19290161
236792,9/19/24 23:21,9/24/24 23:21,44.86189270019531,-93.19295502,44.86188507080078,-93.19298553
236792,9/19/24 23:21,9/25/24 23:21,44.86189270019531,-93.19295502,44.86200714111328,-93.19197845
236792,9/19/24 23:21,9/26/24 23:21,44.86189270019531,-93.19295502,44.86202239990234,-93.1926651
236794,9/19/24 23:08,9/20/24 23:08,48.88343811035156,-103.2995758,48.88483047485352,-103.300766
236794,9/19/24 23:08,9/21/24 23:08,48.88343811035156,-103.2995758,48.87123107910156,-103.29245
236794,9/19/24 23:08,9/22/24 23:08,48.88343811035156,-103.2995758,48.87145996,-103.2928009
236794,9/19/24 23:08,9/23/24 23:08,48.88343811035156,-103.2995758,48.871578216552734,-103.2927246
236794,9/19/24 23:08,9/24/24 23:08,48.88343811035156,-103.2995758,48.87150573730469,-103.2929153
236794,9/19/24 23:08,9/25/24 23:08,48.88343811035156,-103.2995758,48.881980895996094,-103.2921524
236794,9/19/24 23:08,9/26/24 23:08,48.88343811035156,-103.2995758,48.88489532470703,-103.3002167
226554,9/19/24 22:51,9/20/24 22:51,44.232791900634766,-88.35927582,44.21237182617188,-88.38199615
226554,9/19/24 22:51,9/21/24 22:51,44.232791900634766,-88.35927582,44.21357345581055,-88.38400269
226554,9/19/24 22:51,9/22/24 22:51,44.232791900634766,-88.35927582,44.21331024169922,-88.38387299
226554,9/19/24 22:51,9/23/24 22:51,44.232791900634766,-88.35927582,44.213497161865234,-88.38349915
226554,9/19/24 22:51,9/24/24 22:51,44.232791900634766,-88.35927582,44.21269989013672,-88.38230896
226554,9/19/24 22:51,9/25/24 22:51,44.232791900634766,-88.35927582,44.23295211791992,-88.35942841
226554,9/19/24 22:51,9/26/24 22:51,44.232791900634766,-88.35927582,44.23334503173828,-88.3597641
236799,9/19/24 23:05,9/20/24 23:05,57.43058776855469,-104.7478638,57.43068313598633,-104.7478485
236799,9/19/24 23:05,9/21/24 23:05,57.43058776855469,-104.7478638,57.43025588989258,-104.7485886
236799,9/19/24 23:05,9/22/24 23:05,57.43058776855469,-104.7478638,57.430206298828125,-104.7487869
236799,9/19/24 23:05,9/23/24 23:05,57.43058776855469,-104.7478638,57.43037796020508,-104.7486191
236799,9/19/24 23:05,9/24/24 23:05,57.43058776855469,-104.7478638,57.43014144897461,-104.7489395
236799,9/19/24 23:05,9/25/24 23:05,57.43058776855469,-104.7478638,57.430057525634766,-104.7483292
236799,9/19/24 23:05,9/26/24 23:05,57.43058776855469,-104.7478638,57.429935455322266,-104.7477951
236800,9/19/24 23:35,9/20/24 23:35,58.76958847045898,-111.806076,58.76960372924805,-111.8055573
236800,9/19/24 23:35,9/21/24 23:35,58.76958847045898,-111.806076,58.76958084106445,-111.8061905
236800,9/19/24 23:35,9/22/24 23:35,58.76958847045898,-111.806076,58.76939392089844,-111.8059769
236800,9/19/24 23:35,9/23/24 23:35,58.76958847045898,-111.806076,58.76946258544922,-111.8063126
236800,9/19/24 23:35,9/24/24 23:35,58.76958847045898,-111.806076,58.76945877075195,-111.8061218
236800,9/19/24 23:35,9/25/24 23:35,58.76958847045898,-111.806076,58.76955795288086,-111.806488
236800,9/19/24 23:35,9/26/24 23:35,58.76958847045898,-111.806076,58.76951599121094,-111.806015
236802,9/19/24 23:56,9/20/24 23:56,51.12768555,-104.1142044,51.127288818359375,-104.1140594
236802,9/19/24 23:56,9/21/24 23:56,51.12768555,-104.1142044,51.127532958984375,-104.1142197
236802,9/19/24 23:56,9/22/24 23:56,51.12768555,-104.1142044,51.13057327270508,-104.1093674
236802,9/19/24 23:56,9/23/24 23:56,51.12768555,-104.1142044,51.13054656982422,-104.1093445
236802,9/19/24 23:56,9/24/24 23:56,51.12768555,-104.1142044,51.13050842285156,-104.1093674
236802,9/19/24 23:56,9/25/24 23:56,51.12768555,-104.1142044,51.13070297241211,-104.1092606
236802,9/19/24 23:56,9/26/24 23:56,51.12768555,-104.1142044,51.13050461,-104.1091843
236803,9/19/24 23:58,9/20/24 23:58,52.62413024902344,-104.9663849,52.62327957,-104.9673233
236803,9/19/24 23:58,9/21/24 23:58,52.62413024902344,-104.9663849,52.62350845336914,-104.9675293
236803,9/19/24 23:58,9/22/24 23:58,52.62413024902344,-104.9663849,52.62336730957031,-104.9674988
236803,9/19/24 23:58,9/23/24 23:58,52.62413024902344,-104.9663849,52.623531341552734,-104.967598
236803,9/19/24 23:58,9/24/24 23:58,52.62413024902344,-104.9663849,52.62361145019531,-104.9674911
236803,9/19/24 23:58,9/25/24 23:58,52.62413024902344,-104.9663849,52.62367630004883,-104.9678345
236803,9/19/24 23:58,9/26/24 23:58,52.62413024902344,-104.9663849,52.62394714355469,-104.966095
226568,9/19/24 23:47,9/20/24 23:47,51.09389114379883,-103.6548691,51.093055725097656,-103.655983
226568,9/19/24 23:47,9/21/24 23:47,51.09389114379883,-103.6548691,51.093746185302734,-103.6540146
226568,9/19/24 23:47,9/22/24 23:47,51.09389114379883,-103.6548691,51.09393310546875,-103.6546936
226568,9/19/24 23:47,9/23/24 23:47,51.09389114379883,-103.6548691,51.09336471557617,-103.6550827
226568,9/19/24 23:47,9/24/24 23:47,51.09389114379883,-103.6548691,51.09369659423828,-103.654892
226568,9/19/24 23:47,9/25/24 23:47,51.09389114379883,-103.6548691,51.09411239624024,-103.6553726
226568,9/19/24 23:47,9/26/24 23:47,51.09389114379883,-103.6548691,51.09323501586914,-103.6544571
236811,9/19/24 23:35,9/20/24 23:35,48.24087905883789,-98.93225098,48.23442459106445,-98.90551758
236811,9/19/24 23:35,9/21/24 23:35,48.24087905883789,-98.93225098,48.23462677001953,-98.90545654
236811,9/19/24 23:35,9/22/24 23:35,48.24087905883789,-98.93225098,48.23875045776367,-98.91269684
236811,9/19/24 23:35,9/23/24 23:35,48.24087905883789,-98.93225098,48.23858642578125,-98.91350555
236811,9/19/24 23:35,9/24/24 23:35,48.24087905883789,-98.93225098,48.23921585083008,-98.91378784
236811,9/19/24 23:35,9/25/24 23:35,48.24087905883789,-98.93225098,48.23912048339844,-98.91386414
236811,9/19/24 23:35,9/26/24 23:35,48.24087905883789,-98.93225098,48.2391243,-98.91387939
236812,9/19/24 23:13,9/20/24 23:13,50.84139251708984,-108.4606705,50.84093475341797,-108.4609146
236812,9/19/24 23:13,9/21/24 23:13,50.84139251708984,-108.4606705,50.84117126464844,-108.4605637
236812,9/19/24 23:13,9/22/24 23:13,50.84139251708984,-108.4606705,50.82409286499024,-108.4595795
236812,9/19/24 23:13,9/23/24 23:13,50.84139251708984,-108.4606705,50.82415771484375,-108.4594116
236812,9/19/24 23:13,9/24/24 23:13,50.84139251708984,-108.4606705,50.82527923583984,-108.4605408
236812,9/19/24 23:13,9/25/24 23:13,50.84139251708984,-108.4606705,50.82362747192383,-108.4591141
236812,9/19/24 23:13,9/26/24 23:13,50.84139251708984,-108.4606705,50.82274246,-108.4570465
236816,9/19/24 23:09,9/20/24 23:09,45.11022567749024,-98.71034241,45.11086273,-98.71055603
236816,9/19/24 23:09,9/21/24 23:09,45.11022567749024,-98.71034241,45.11054611206055,-98.71060944
236816,9/19/24 23:09,9/22/24 23:09,45.11022567749024,-98.71034241,45.11029815673828,-98.71031189
236816,9/19/24 23:09,9/23/24 23:09,45.11022567749024,-98.71034241,45.11051559448242,-98.7110672
236816,9/19/24 23:09,9/24/24 23:09,45.11022567749024,-98.71034241,45.11063003540039,-98.71007538
236816,9/19/24 23:09,9/25/24 23:09,45.11022567749024,-98.71034241,45.11029052734375,-98.71065521
236816,9/19/24 23:09,9/26/24 23:09,45.11022567749024,-98.71034241,45.11030197143555,-98.71108246
236818,9/19/24 23:02,9/20/24 23:02,53.88434600830078,-98.03733826,53.883766174316406,-98.0384903
236818,9/19/24 23:02,9/21/24 23:02,53.88434600830078,-98.03733826,53.88374710083008,-98.03829956
236818,9/19/24 23:02,9/22/24 23:02,53.88434600830078,-98.03733826,53.88353348,-98.0382309
236818,9/19/24 23:02,9/23/24 23:02,53.88434600830078,-98.03733826,53.88361358642578,-98.0384903
236818,9/19/24 23:02,9/24/24 23:02,53.88434600830078,-98.03733826,53.883548736572266,-98.03804779
236818,9/19/24 23:02,9/25/24 23:02,53.88434600830078,-98.03733826,53.88404465,-98.03847504
236818,9/19/24 23:02,9/26/24 23:02,53.88434600830078,-98.03733826,53.88397979736328,-98.03839111
236820,9/19/24 23:52,9/20/24 23:52,47.04866790771485,-99.12957001,47.04866790771485,-99.1293335
236820,9/19/24 23:52,9/21/24 23:52,47.04866790771485,-99.12957001,47.04841995239258,-99.12911987
236820,9/19/24 23:52,9/22/24 23:52,47.04866790771485,-99.12957001,47.04863357543945,-99.12936401
236820,9/19/24 23:52,9/23/24 23:52,47.04866790771485,-99.12957001,47.048709869384766,-99.12945557
236820,9/19/24 23:52,9/24/24 23:52,47.04866790771485,-99.12957001,47.04865646362305,-99.12927246
236820,9/19/24 23:52,9/25/24 23:52,47.04866790771485,-99.12957001,47.04855346679688,-99.1293869
236820,9/19/24 23:52,9/26/24 23:52,47.04866790771485,-99.12957001,47.048675537109375,-99.12958527
226582,9/19/24 23:41,9/20/24 23:41,52.90340042114258,-107.7049408,52.903316497802734,-107.704483
226582,9/19/24 23:41,9/21/24 23:41,52.90340042114258,-107.7049408,52.90334701538086,-107.7047882
226582,9/19/24 23:41,9/22/24 23:41,52.90340042114258,-107.7049408,52.90366363525391,-107.7046738
226582,9/19/24 23:41,9/23/24 23:41,52.90340042114258,-107.7049408,52.90353393554688,-107.7049103
226582,9/19/24 23:41,9/24/24 23:41,52.90340042114258,-107.7049408,52.90378952026367,-107.704834
226582,9/19/24 23:41,9/25/24 23:41,52.90340042114258,-107.7049408,52.90370178222656,-107.7050323
226582,9/19/24 23:41,9/26/24 23:41,52.90340042114258,-107.7049408,52.90379333496094,-107.7047958
236824,8/16/24 23:36,8/17/24 23:36,46.928497314453125,-100.259346,46.92858505249024,-100.2594299
236824,8/16/24 23:36,8/18/24 23:36,46.928497314453125,-100.259346,46.92862319946289,-100.2594757
236824,8/16/24 23:36,8/19/24 23:36,46.928497314453125,-100.259346,46.92862319946289,-100.2588196
236824,8/16/24 23:36,8/20/24 23:36,46.928497314453125,-100.259346,46.92849349975586,-100.2593994
236824,8/16/24 23:36,8/21/24 23:36,46.928497314453125,-100.259346,46.92841720581055,-100.2594757
236824,8/16/24 23:36,8/22/24 23:36,46.928497314453125,-100.259346,46.92850112915039,-100.2595367
236824,8/16/24 23:36,8/23/24 23:36,46.928497314453125,-100.259346,46.928497314453125,-100.2594299
236826,9/19/24 23:21,9/20/24 23:21,66.00033569335938,-123.1929932,66.00014496,-123.1930771
236826,9/19/24 23:21,9/21/24 23:21,66.00033569335938,-123.1929932,66.00022125,-123.1932602
236826,9/19/24 23:21,9/22/24 23:21,66.00033569335938,-123.1929932,66.00025939941406,-123.1936569
236826,9/19/24 23:21,9/23/24 23:21,66.00033569335938,-123.1929932,66.0003891,-123.1935654
236826,9/19/24 23:21,9/24/24 23:21,66.00033569335938,-123.1929932,66.00039672851562,-123.1935196
236826,9/19/24 23:21,9/25/24 23:21,66.00033569335938,-123.1929932,66.00041961669922,-123.1931381
236826,9/19/24 23:21,9/26/24 23:21,66.00033569335938,-123.1929932,66.00006866455078,-123.1931686
236830,9/19/24 23:23,9/20/24 23:23,47.20487976074219,-99.597229,47.20643997192383,-99.59770203
236830,9/19/24 23:23,9/21/24 23:23,47.20487976074219,-99.597229,47.20643615722656,-99.59770203
236830,9/19/24 23:23,9/22/24 23:23,47.20487976074219,-99.597229,47.20646667480469,-99.59729004
236830,9/19/24 23:23,9/23/24 23:23,47.20487976074219,-99.597229,47.20498275756836,-99.59716797
236830,9/19/24 23:23,9/24/24 23:23,47.20487976074219,-99.597229,47.20646286010742,-99.59825897
236830,9/19/24 23:23,9/25/24 23:23,47.20487976074219,-99.597229,47.20652770996094,-99.59797668
236830,9/19/24 23:23,9/26/24 23:23,47.20487976074219,-99.597229,47.206661224365234,-99.59817505
236832,9/19/24 23:34,9/20/24 23:34,48.395599365234375,-95.9208374,48.39600372314453,-95.92084503
236832,9/19/24 23:34,9/21/24 23:34,48.395599365234375,-95.9208374,48.39594650268555,-95.92095947
236832,9/19/24 23:34,9/22/24 23:34,48.395599365234375,-95.9208374,48.39601516723633,-95.92108154
236832,9/19/24 23:34,9/23/24 23:34,48.395599365234375,-95.9208374,48.39567947387695,-95.9210968
236832,9/19/24 23:34,9/24/24 23:34,48.395599365234375,-95.9208374,48.39602279663086,-95.92089844
236832,9/19/24 23:34,9/25/24 23:34,48.395599365234375,-95.9208374,48.39567947387695,-95.92186737
236832,9/19/24 23:34,9/26/24 23:34,48.395599365234375,-95.9208374,48.39895248413086,-95.93621826
236834,9/19/24 23:01,9/20/24 23:01,50.54770278930664,-100.4342575,50.53994369506836,-100.4258881
236834,9/19/24 23:01,9/21/24 23:01,50.54770278930664,-100.4342575,50.54012680053711,-100.4259491
236834,9/19/24 23:01,9/22/24 23:01,50.54770278930664,-100.4342575,50.539886474609375,-100.4259109
236834,9/19/24 23:01,9/23/24 23:01,50.54770278930664,-100.4342575,50.53992844,-100.425827
236834,9/19/24 23:01,9/24/24 23:01,50.54770278930664,-100.4342575,50.539981842041016,-100.4261856
236834,9/19/24 23:01,9/25/24 23:01,50.54770278930664,-100.4342575,50.53499221801758,-100.4437866
236834,9/19/24 23:01,9/26/24 23:01,50.54770278930664,-100.4342575,50.53491211,-100.4439697
236837,9/19/24 23:10,9/20/24 23:10,46.419525146484375,-94.17127991,46.41955566,-94.17144012
236837,9/19/24 23:10,9/21/24 23:10,46.419525146484375,-94.17127991,46.42023468017578,-94.17279053
236837,9/19/24 23:10,9/22/24 23:10,46.419525146484375,-94.17127991,46.42018127441406,-94.17269135
236837,9/19/24 23:10,9/23/24 23:10,46.419525146484375,-94.17127991,46.42030334472656,-94.17346954
236837,9/19/24 23:10,9/24/24 23:10,46.419525146484375,-94.17127991,46.42041778564453,-94.17408752
236837,9/19/24 23:10,9/25/24 23:10,46.419525146484375,-94.17127991,46.41996765136719,-94.17240906
236837,9/19/24 23:10,9/26/24 23:10,46.419525146484375,-94.17127991,46.42021179199219,-94.1734314
236841,9/19/24 23:16,9/20/24 23:16,48.93739318847656,-99.33968353,48.9368782,-99.33976746
236841,9/19/24 23:16,9/21/24 23:16,48.93739318847656,-99.33968353,48.93740463256836,-99.3391571
236841,9/19/24 23:16,9/22/24 23:16,48.93739318847656,-99.33968353,48.93693542480469,-99.3394165
236841,9/19/24 23:16,9/23/24 23:16,48.93739318847656,-99.33968353,48.93709945678711,-99.34009552
236841,9/19/24 23:16,9/24/24 23:16,48.93739318847656,-99.33968353,48.93727493286133,-99.33996582
236841,9/19/24 23:16,9/25/24 23:16,48.93739318847656,-99.33968353,48.93621063232422,-99.33854675
236841,9/19/24 23:16,9/26/24 23:16,48.93739318847656,-99.33968353,48.93544769287109,-99.33838654
236843,9/19/24 23:39,9/20/24 23:39,47.41372299194336,-95.7099762,47.41371536254883,-95.71009827
236843,9/19/24 23:39,9/21/24 23:39,47.41372299194336,-95.7099762,47.41399765014648,-95.7103653
236843,9/19/24 23:39,9/22/24 23:39,47.41372299194336,-95.7099762,47.41479492,-95.71038818
236843,9/19/24 23:39,9/23/24 23:39,47.41372299194336,-95.7099762,47.41396713256836,-95.71022797
236843,9/19/24 23:39,9/24/24 23:39,47.41372299194336,-95.7099762,47.41370773,-95.71021271
236843,9/19/24 23:39,9/25/24 23:39,47.41372299194336,-95.7099762,47.41344833374024,-95.70999908
236843,9/19/24 23:39,9/26/24 23:39,47.41372299194336,-95.7099762,47.41379928588867,-95.71035004
236844,9/19/24 23:11,9/20/24 23:11,48.48832702636719,-99.15930939,48.489166259765625,-99.16018677
236844,9/19/24 23:11,9/21/24 23:11,48.48832702636719,-99.15930939,48.48887634277344,-99.15976715
236844,9/19/24 23:11,9/22/24 23:11,48.48832702636719,-99.15930939,48.489356994628906,-99.15998077
236844,9/19/24 23:11,9/23/24 23:11,48.48832702636719,-99.15930939,48.48982238769531,-99.16049957
236844,9/19/24 23:11,9/24/24 23:11,48.48832702636719,-99.15930939,48.48993682861328,-99.16060638
236844,9/19/24 23:11,9/25/24 23:11,48.48832702636719,-99.15930939,48.490020751953125,-99.16034698
236844,9/19/24 23:11,9/26/24 23:11,48.48832702636719,-99.15930939,48.49018478393555,-99.1600647
236845,9/19/24 23:58,9/20/24 23:58,47.59266281,-100.0896225,47.59246826171875,-100.0894852
236845,9/19/24 23:58,9/21/24 23:58,47.59266281,-100.0896225,47.59252166748047,-100.0895004
236845,9/19/24 23:58,9/22/24 23:58,47.59266281,-100.0896225,47.59223937988281,-100.0896912
236845,9/19/24 23:58,9/23/24 23:58,47.59266281,-100.0896225,47.59247970581055,-100.0896835
236845,9/19/24 23:58,9/24/24 23:58,47.59266281,-100.0896225,47.59245681762695,-100.089653
236845,9/19/24 23:58,9/25/24 23:58,47.59266281,-100.0896225,47.59236907958984,-100.0894623
236845,9/19/24 23:58,9/26/24 23:58,47.59266281,-100.0896225,47.59185409545898,-100.0879364
236846,9/19/24 23:49,9/20/24 23:49,52.72887420654297,-107.2532883,52.72756576538086,-107.2515793
236846,9/19/24 23:49,9/21/24 23:49,52.72887420654297,-107.2532883,52.72864914,-107.2506485
236846,9/19/24 23:49,9/22/24 23:49,52.72887420654297,-107.2532883,52.72721099853516,-107.2528839
236846,9/19/24 23:49,9/23/24 23:49,52.72887420654297,-107.2532883,52.72826385498047,-107.2503281
236846,9/19/24 23:49,9/24/24 23:49,52.72887420654297,-107.2532883,52.72838973999024,-107.2499008
236846,9/19/24 23:49,9/25/24 23:49,52.72887420654297,-107.2532883,52.73167801,-107.2622986
236846,9/19/24 23:49,9/26/24 23:49,52.72887420654297,-107.2532883,52.73183822631836,-107.2624664
236850,9/19/24 23:01,9/20/24 23:01,51.43716812133789,-100.2870865,51.42901611328125,-100.2862091
236850,9/19/24 23:01,9/21/24 23:01,51.43716812133789,-100.2870865,51.42905044555664,-100.2860413
236850,9/19/24 23:01,9/22/24 23:01,51.43716812133789,-100.2870865,51.42873001098633,-100.285881
236850,9/19/24 23:01,9/23/24 23:01,51.43716812133789,-100.2870865,51.42799758911133,-100.2854004
236850,9/19/24 23:01,9/24/24 23:01,51.43716812133789,-100.2870865,51.428321838378906,-100.285202
236850,9/19/24 23:01,9/25/24 23:01,51.43716812133789,-100.2870865,51.42816925048828,-100.2844315
236850,9/19/24 23:01,9/26/24 23:01,51.43716812133789,-100.2870865,51.42805480957031,-100.284462
226611,9/19/24 23:53,9/20/24 23:53,45.05001449584961,-98.59002686,45.05087661743164,-98.58924866
226611,9/19/24 23:53,9/21/24 23:53,45.05001449584961,-98.59002686,45.05097579956055,-98.58945465
226611,9/19/24 23:53,9/22/24 23:53,45.05001449584961,-98.59002686,45.05097961425781,-98.58937836
226611,9/19/24 23:53,9/23/24 23:53,45.05001449584961,-98.59002686,45.05100631713867,-98.58938599
226611,9/19/24 23:53,9/24/24 23:53,45.05001449584961,-98.59002686,45.05079269,-98.58976746
226611,9/19/24 23:53,9/25/24 23:53,45.05001449584961,-98.59002686,45.05085372924805,-98.58929443
226611,9/19/24 23:53,9/26/24 23:53,45.05001449584961,-98.59002686,45.05077362060547,-98.58895874
236856,9/19/24 23:05,9/20/24 23:05,47.95748901367188,-99.32983398,47.95771789550781,-99.33050537
236856,9/19/24 23:05,9/21/24 23:05,47.95748901367188,-99.32983398,47.95755386352539,-99.33095551
236856,9/19/24 23:05,9/22/24 23:05,47.95748901367188,-99.32983398,47.95800781,-99.33241272
236856,9/19/24 23:05,9/23/24 23:05,47.95748901367188,-99.32983398,47.95866775512695,-99.33911133
236856,9/19/24 23:05,9/24/24 23:05,47.95748901367188,-99.32983398,47.95752716064453,-99.33628845
236856,9/19/24 23:05,9/25/24 23:05,47.95748901367188,-99.32983398,47.95769500732422,-99.33617401
236856,9/19/24 23:05,9/26/24 23:05,47.95748901367188,-99.32983398,47.95750809,-99.33638763
236858,9/19/24 23:27,9/20/24 23:27,50.54029083251953,-100.4724808,50.53913879394531,-100.4725342
236858,9/19/24 23:27,9/21/24 23:27,50.54029083251953,-100.4724808,50.53864288330078,-100.4726257
236858,9/19/24 23:27,9/22/24 23:27,50.54029083251953,-100.4724808,50.53941345214844,-100.4718399
236858,9/19/24 23:27,9/23/24 23:27,50.54029083251953,-100.4724808,50.539398193359375,-100.471817
236858,9/19/24 23:27,9/24/24 23:27,50.54029083251953,-100.4724808,50.53938293457031,-100.471756
236858,9/19/24 23:27,9/25/24 23:27,50.54029083251953,-100.4724808,50.53926467895508,-100.4721832
236858,9/19/24 23:27,9/26/24 23:27,50.54029083251953,-100.4724808,50.54615020751953,-100.4688416
236861,9/19/24 23:07,9/20/24 23:07,52.00490951538086,-81.81374359,52.00486373901367,-81.81237793
236861,9/19/24 23:07,9/21/24 23:07,52.00490951538086,-81.81374359,52.00459671020508,-81.81302643
236861,9/19/24 23:07,9/22/24 23:07,52.00490951538086,-81.81374359,52.00450897216797,-81.81306458
236861,9/19/24 23:07,9/23/24 23:07,52.00490951538086,-81.81374359,52.00472259521485,-81.81317902
236861,9/19/24 23:07,9/24/24 23:07,52.00490951538086,-81.81374359,52.00480270385742,-81.8131485
236861,9/19/24 23:07,9/25/24 23:07,52.00490951538086,-81.81374359,52.00465393066406,-81.81304932
236861,9/19/24 23:07,9/26/24 23:07,52.00490951538086,-81.81374359,52.00485610961914,-81.81345367
236862,9/19/24 23:52,9/20/24 23:52,46.84206771850586,-99.21951294,46.84513473510742,-99.22988892
236862,9/19/24 23:52,9/21/24 23:52,46.84206771850586,-99.21951294,46.84526824951172,-99.2297287
236862,9/19/24 23:52,9/22/24 23:52,46.84206771850586,-99.21951294,46.84513092041016,-99.22962952
236862,9/19/24 23:52,9/23/24 23:52,46.84206771850586,-99.21951294,46.84541320800781,-99.23039246
236862,9/19/24 23:52,9/24/24 23:52,46.84206771850586,-99.21951294,46.84565353393555,-99.2299118
236862,9/19/24 23:52,9/25/24 23:52,46.84206771850586,-99.21951294,46.84537506103516,-99.22911835
236862,9/19/24 23:52,9/26/24 23:52,46.84206771850586,-99.21951294,46.84507369995117,-99.22888184
236864,9/19/24 23:34,9/20/24 23:34,51.46873474121094,-99.27323914,51.46862030029297,-99.27363586
236864,9/19/24 23:34,9/21/24 23:34,51.46873474121094,-99.27323914,51.46892929077149,-99.27355957
236864,9/19/24 23:34,9/22/24 23:34,51.46873474121094,-99.27323914,51.46406173706055,-99.27555847
236864,9/19/24 23:34,9/23/24 23:34,51.46873474121094,-99.27323914,51.46440887451172,-99.2756958
236864,9/19/24 23:34,9/24/24 23:34,51.46873474121094,-99.27323914,51.46419143676758,-99.27545166
236864,9/19/24 23:34,9/25/24 23:34,51.46873474121094,-99.27323914,51.464351654052734,-99.27583313
236864,9/19/24 23:34,9/26/24 23:34,51.46873474121094,-99.27323914,51.46401596069336,-99.27481842
236865,9/19/24 23:44,9/20/24 23:44,53.78123856,-101.0198059,53.78168869018555,-101.0193634
236865,9/19/24 23:44,9/21/24 23:44,53.78123856,-101.0198059,53.78213882446289,-101.018074
236865,9/19/24 23:44,9/22/24 23:44,53.78123856,-101.0198059,53.78217315673828,-101.0190964
236865,9/19/24 23:44,9/23/24 23:44,53.78123856,-101.0198059,53.78213119506836,-101.0190811
236865,9/19/24 23:44,9/24/24 23:44,53.78123856,-101.0198059,53.78228759765625,-101.018486
236865,9/19/24 23:44,9/25/24 23:44,53.78123856,-101.0198059,53.77552414,-101.0248413
236865,9/19/24 23:44,9/26/24 23:44,53.78123856,-101.0198059,53.78139877319336,-101.0162354
236869,9/19/24 23:57,9/20/24 23:57,45.90104675292969,-97.11228943,45.900856018066406,-97.11219788
236869,9/19/24 23:57,9/21/24 23:57,45.90104675292969,-97.11228943,45.90055465698242,-97.11203766
236869,9/19/24 23:57,9/22/24 23:57,45.90104675292969,-97.11228943,45.90081024169922,-97.11195374
236869,9/19/24 23:57,9/23/24 23:57,45.90104675292969,-97.11228943,45.90054321289063,-97.11244965
236869,9/19/24 23:57,9/24/24 23:57,45.90104675292969,-97.11228943,45.900787353515625,-97.11233521
236869,9/19/24 23:57,9/25/24 23:57,45.90104675292969,-97.11228943,45.90085220336914,-97.1115799
236869,9/19/24 23:57,9/26/24 23:57,45.90104675292969,-97.11228943,45.90094757080078,-97.11235046
236872,9/19/24 23:03,9/20/24 23:03,48.87012100219727,-100.2757874,48.871212005615234,-100.2771301
236872,9/19/24 23:03,9/21/24 23:03,48.87012100219727,-100.2757874,48.871192932128906,-100.276886
236872,9/19/24 23:03,9/22/24 23:03,48.87012100219727,-100.2757874,48.87061691,-100.2765961
236872,9/19/24 23:03,9/23/24 23:03,48.87012100219727,-100.2757874,48.87077713012695,-100.2743454
236872,9/19/24 23:03,9/24/24 23:03,48.87012100219727,-100.2757874,48.87153244018555,-100.2760315
236872,9/19/24 23:03,9/25/24 23:03,48.87012100219727,-100.2757874,48.87132645,-100.2760544
236872,9/19/24 23:03,9/26/24 23:03,48.87012100219727,-100.2757874,48.87105941772461,-100.2769623
236875,9/19/24 23:41,9/20/24 23:41,48.83077239990234,-103.3678741,48.83062362670898,-103.3684616
236875,9/19/24 23:41,9/21/24 23:41,48.83077239990234,-103.3678741,48.83037185668945,-103.3679199
236875,9/19/24 23:41,9/22/24 23:41,48.83077239990234,-103.3678741,48.83105469,-103.3674164
236875,9/19/24 23:41,9/23/24 23:41,48.83077239990234,-103.3678741,48.83091354370117,-103.367424
236875,9/19/24 23:41,9/24/24 23:41,48.83077239990234,-103.3678741,48.83037185668945,-103.367897
236875,9/19/24 23:41,9/25/24 23:41,48.83077239990234,-103.3678741,48.83090591430664,-103.3673553
236875,9/19/24 23:41,9/26/24 23:41,48.83077239990234,-103.3678741,48.83916473388672,-103.3379517
236885,9/19/24 23:29,9/20/24 23:29,47.32808303833008,-99.12696838,47.32341766357422,-99.13043213
236885,9/19/24 23:29,9/21/24 23:29,47.32808303833008,-99.12696838,47.32430648803711,-99.13084412
236885,9/19/24 23:29,9/22/24 23:29,47.32808303833008,-99.12696838,47.32466125488281,-99.13044739
236885,9/19/24 23:29,9/23/24 23:29,47.32808303833008,-99.12696838,47.32449722290039,-99.13052368
236885,9/19/24 23:29,9/24/24 23:29,47.32808303833008,-99.12696838,47.32447814941406,-99.13058472
236885,9/19/24 23:29,9/25/24 23:29,47.32808303833008,-99.12696838,47.32456207275391,-99.1301651
236885,9/19/24 23:29,9/26/24 23:29,47.32808303833008,-99.12696838,47.32475662231445,-99.13082886
236889,9/19/24 23:07,9/20/24 23:07,46.73891830444336,-99.15991211,46.73905563354492,-99.15995026
236889,9/19/24 23:07,9/21/24 23:07,46.73891830444336,-99.15991211,46.73909759521485,-99.15987396
236889,9/19/24 23:07,9/22/24 23:07,46.73891830444336,-99.15991211,46.73894500732422,-99.1598587
236889,9/19/24 23:07,9/23/24 23:07,46.73891830444336,-99.15991211,46.739105224609375,-99.159935
236889,9/19/24 23:07,9/24/24 23:07,46.73891830444336,-99.15991211,46.73903274536133,-99.16001129
236889,9/19/24 23:07,9/25/24 23:07,46.73891830444336,-99.15991211,46.738956451416016,-99.15963745
236889,9/19/24 23:07,9/26/24 23:07,46.73891830444336,-99.15991211,46.73043441772461,-99.15979004
223122,9/19/24 23:45,9/20/24 23:45,50.309757232666016,-99.96852112,50.30961608886719,-99.9721756
223122,9/19/24 23:45,9/21/24 23:45,50.309757232666016,-99.96852112,50.31867599487305,-99.97682953
223122,9/19/24 23:45,9/22/24 23:45,50.309757232666016,-99.96852112,50.31783676147461,-99.97691345
223122,9/19/24 23:45,9/23/24 23:45,50.309757232666016,-99.96852112,50.31859970092773,-99.97689819
223122,9/19/24 23:45,9/24/24 23:45,50.309757232666016,-99.96852112,50.31851959228516,-99.97724915
223122,9/19/24 23:45,9/25/24 23:45,50.309757232666016,-99.96852112,50.31921387,-99.97574615
223122,9/19/24 23:45,9/26/24 23:45,50.309757232666016,-99.96852112,50.319129943847656,-99.97570038
223151,9/1/24 23:09,9/2/24 23:09,45.84816360473633,-91.65618896,45.848594665527344,-91.65625
223151,9/1/24 23:09,9/3/24 23:09,45.84816360473633,-91.65618896,45.84821319580078,-91.65673065
223151,9/1/24 23:09,9/4/24 23:09,45.84816360473633,-91.65618896,45.84825897216797,-91.6567688
223151,9/1/24 23:09,9/5/24 23:09,45.84816360473633,-91.65618896,45.84827805,-91.65627289
223151,9/1/24 23:09,9/6/24 23:09,45.84816360473633,-91.65618896,45.84792709350586,-91.65579987
223151,9/1/24 23:09,9/7/24 23:09,45.84816360473633,-91.65618896,45.84811401367188,-91.65557098
223151,9/1/24 23:09,9/8/24 23:09,45.84816360473633,-91.65618896,45.84873962402344,-91.65631104
223155,9/19/24 23:04,9/20/24 23:04,54.05588912963867,-97.7771225,54.05715560913086,-97.77601624
223155,9/19/24 23:04,9/21/24 23:04,54.05588912963867,-97.7771225,54.05720520019531,-97.77611542
223155,9/19/24 23:04,9/22/24 23:04,54.05588912963867,-97.7771225,54.05772399902344,-97.77800751
223155,9/19/24 23:04,9/23/24 23:04,54.05588912963867,-97.7771225,54.05891036987305,-97.7775116
223155,9/19/24 23:04,9/24/24 23:04,54.05588912963867,-97.7771225,54.05807495117188,-97.77406311
223155,9/19/24 23:04,9/25/24 23:04,54.05588912963867,-97.7771225,54.05712127685547,-97.77361298
223155,9/19/24 23:04,9/26/24 23:04,54.05588912963867,-97.7771225,54.05641555786133,-97.77443695
223175,9/19/24 23:39,9/20/24 23:39,43.19903945922852,-89.97483063,43.198768615722656,-89.97437286
223175,9/19/24 23:39,9/21/24 23:39,43.19903945922852,-89.97483063,43.19888305664063,-89.97431183
223175,9/19/24 23:39,9/22/24 23:39,43.19903945922852,-89.97483063,43.19891357421875,-89.97433472
223175,9/19/24 23:39,9/23/24 23:39,43.19903945922852,-89.97483063,43.19890594482422,-89.9743576
223175,9/19/24 23:39,9/24/24 23:39,43.19903945922852,-89.97483063,43.19893264770508,-89.97399902
223175,9/19/24 23:39,9/25/24 23:39,43.19903945922852,-89.97483063,43.20897293,-89.96956635
223175,9/19/24 23:39,9/26/24 23:39,43.19903945922852,-89.97483063,43.198768615722656,-89.97425079
234439,8/26/24 23:54,8/27/24 23:54,38.76177978515625,-89.98846436,38.73686218261719,-89.97253418
234439,8/26/24 23:54,8/28/24 23:54,38.76177978515625,-89.98846436,38.73664093017578,-89.97248077
234439,8/26/24 23:54,8/29/24 23:54,38.76177978515625,-89.98846436,38.7370491,-89.97245026
234439,8/26/24 23:54,8/30/24 23:54,38.76177978515625,-89.98846436,38.736942291259766,-89.97247314
234439,8/26/24 23:54,8/31/24 23:54,38.76177978515625,-89.98846436,38.736846923828125,-89.97251892
234439,8/26/24 23:54,9/1/24 23:54,38.76177978515625,-89.98846436,38.73695373535156,-89.97246552
234439,8/26/24 23:54,9/2/24 23:54,38.76177978515625,-89.98846436,38.73680877685547,-89.97245789
234441,9/19/24 22:44,9/20/24 22:44,50.54079055786133,-100.811203,50.54072952270508,-100.8112183
234441,9/19/24 22:44,9/21/24 22:44,50.54079055786133,-100.811203,50.54072189331055,-100.8112717
234441,9/19/24 22:44,9/22/24 22:44,50.54079055786133,-100.811203,50.540748596191406,-100.8112259
234441,9/19/24 22:44,9/23/24 22:44,50.54079055786133,-100.811203,50.54068756103516,-100.811264
234441,9/19/24 22:44,9/24/24 22:44,50.54079055786133,-100.811203,50.54167175292969,-100.797081
234441,9/19/24 22:44,9/25/24 22:44,50.54079055786133,-100.811203,50.541786193847656,-100.7970276
234441,9/19/24 22:44,9/26/24 22:44,50.54079055786133,-100.811203,50.54167556762695,-100.79702
234442,9/19/24 23:19,9/20/24 23:19,48.29440307617188,-99.21290588,48.29334641,-99.21134186
234442,9/19/24 23:19,9/21/24 23:19,48.29440307617188,-99.21290588,48.294395446777344,-99.21234894
234442,9/19/24 23:19,9/22/24 23:19,48.29440307617188,-99.21290588,48.29497146606445,-99.21208954
234442,9/19/24 23:19,9/23/24 23:19,48.29440307617188,-99.21290588,48.294551849365234,-99.21129608
234442,9/19/24 23:19,9/24/24 23:19,48.29440307617188,-99.21290588,48.29262161254883,-99.21318817
234442,9/19/24 23:19,9/25/24 23:19,48.29440307617188,-99.21290588,48.29271317,-99.21190643
234442,9/19/24 23:19,9/26/24 23:19,48.29440307617188,-99.21290588,48.293983459472656,-99.21131897
234445,9/19/24 23:03,9/20/24 23:03,43.12995910644531,-92.54091644,43.12989044189453,-92.54097748
234445,9/19/24 23:03,9/21/24 23:03,43.12995910644531,-92.54091644,43.13034057617188,-92.54096985
234445,9/19/24 23:03,9/22/24 23:03,43.12995910644531,-92.54091644,43.12981033325195,-92.54119873
234445,9/19/24 23:03,9/23/24 23:03,43.12995910644531,-92.54091644,43.12963485717773,-92.54149628
234445,9/19/24 23:03,9/24/24 23:03,43.12995910644531,-92.54091644,43.130638122558594,-92.54156494
234445,9/19/24 23:03,9/25/24 23:03,43.12995910644531,-92.54091644,43.129920959472656,-92.54089355
234445,9/19/24 23:03,9/26/24 23:03,43.12995910644531,-92.54091644,43.12870407104492,-92.54048157
234447,9/19/24 23:58,9/20/24 23:58,52.55000686645508,-105.4725342,52.55053711,-105.4628067
234447,9/19/24 23:58,9/21/24 23:58,52.55000686645508,-105.4725342,52.550418853759766,-105.4625778
234447,9/19/24 23:58,9/22/24 23:58,52.55000686645508,-105.4725342,52.55029678344727,-105.4626694
234447,9/19/24 23:58,9/23/24 23:58,52.55000686645508,-105.4725342,52.54840850830078,-105.4626846
234447,9/19/24 23:58,9/24/24 23:58,52.55000686645508,-105.4725342,52.55007553100586,-105.4632187
234447,9/19/24 23:58,9/25/24 23:58,52.55000686645508,-105.4725342,52.550254821777344,-105.4629745
234447,9/19/24 23:58,9/26/24 23:58,52.55000686645508,-105.4725342,52.55018615722656,-105.4731674
234449,9/19/24 23:25,9/20/24 23:25,53.91630935668945,-100.5864792,53.82780075073242,-100.6463394
234449,9/19/24 23:25,9/21/24 23:25,53.91630935668945,-100.5864792,53.82776641845703,-100.6463394
234449,9/19/24 23:25,9/22/24 23:25,53.91630935668945,-100.5864792,53.82772445678711,-100.6463165
234449,9/19/24 23:25,9/23/24 23:25,53.91630935668945,-100.5864792,53.82780456542969,-100.6463013
234449,9/19/24 23:25,9/24/24 23:25,53.91630935668945,-100.5864792,53.82758712768555,-100.6461487
234449,9/19/24 23:25,9/25/24 23:25,53.91630935668945,-100.5864792,53.82758712768555,-100.6464767
234449,9/19/24 23:25,9/26/24 23:25,53.91630935668945,-100.5864792,53.82497024536133,-100.6456604
234451,9/19/24 23:52,9/20/24 23:52,50.08697891235352,-100.5795288,50.078712463378906,-100.581192
234451,9/19/24 23:52,9/21/24 23:52,50.08697891235352,-100.5795288,50.08722305297852,-100.5797806
234451,9/19/24 23:52,9/22/24 23:52,50.08697891235352,-100.5795288,50.08697891235352,-100.5795441
234451,9/19/24 23:52,9/23/24 23:52,50.08697891235352,-100.5795288,50.08693695,-100.5795822
234451,9/19/24 23:52,9/24/24 23:52,50.08697891235352,-100.5795288,50.08528518676758,-100.581871
234451,9/19/24 23:52,9/25/24 23:52,50.08697891235352,-100.5795288,50.08502578735352,-100.5826569
234451,9/19/24 23:52,9/26/24 23:52,50.08697891235352,-100.5795288,50.08516693115234,-100.5818558
234452,9/19/24 23:00,9/20/24 23:00,52.617279052734375,-106.3643112,52.61719131469727,-106.3643265
234452,9/19/24 23:00,9/21/24 23:00,52.617279052734375,-106.3643112,52.61741638183594,-106.3640442
234452,9/19/24 23:00,9/22/24 23:00,52.617279052734375,-106.3643112,52.61739349365234,-106.3640213
234452,9/19/24 23:00,9/23/24 23:00,52.617279052734375,-106.3643112,52.617454528808594,-106.3640976
234452,9/19/24 23:00,9/24/24 23:00,52.617279052734375,-106.3643112,52.61753463745117,-106.3639755
234452,9/19/24 23:00,9/25/24 23:00,52.617279052734375,-106.3643112,52.61742401123047,-106.3638916
234452,9/19/24 23:00,9/26/24 23:00,52.617279052734375,-106.3643112,52.61750793457031,-106.3638763
234453,9/19/24 23:08,9/20/24 23:08,50.30432891845703,-102.813324,50.30424118041992,-102.8134155
234453,9/19/24 23:08,9/21/24 23:08,50.30432891845703,-102.813324,50.30435943603516,-102.8133698
234453,9/19/24 23:08,9/22/24 23:08,50.30432891845703,-102.813324,50.30401611328125,-102.8131714
234453,9/19/24 23:08,9/23/24 23:08,50.30432891845703,-102.813324,50.302616119384766,-102.8125763
234453,9/19/24 23:08,9/24/24 23:08,50.30432891845703,-102.813324,50.30299758911133,-102.8124466
234453,9/19/24 23:08,9/25/24 23:08,50.30432891845703,-102.813324,50.30303192138672,-102.8125076
234453,9/19/24 23:08,9/26/24 23:08,50.30432891845703,-102.813324,50.30315780639648,-102.8125687
234468,9/19/24 23:26,9/20/24 23:26,50.398475646972656,-100.6911621,50.38949966430664,-100.6918106
234468,9/19/24 23:26,9/21/24 23:26,50.398475646972656,-100.6911621,50.38939666748047,-100.6918411
234468,9/19/24 23:26,9/22/24 23:26,50.398475646972656,-100.6911621,50.39149856567383,-100.6861877
234468,9/19/24 23:26,9/23/24 23:26,50.398475646972656,-100.6911621,50.39152526855469,-100.6862335
234468,9/19/24 23:26,9/24/24 23:26,50.398475646972656,-100.6911621,50.39458847045898,-100.6874313
234468,9/19/24 23:26,9/25/24 23:26,50.398475646972656,-100.6911621,50.39432907104492,-100.6871719
234468,9/19/24 23:26,9/26/24 23:26,50.398475646972656,-100.6911621,50.39404678344727,-100.6898956
234469,9/19/24 23:10,9/20/24 23:10,49.21630096435547,-100.5986099,49.21633529663086,-100.5985718
234469,9/19/24 23:10,9/21/24 23:10,49.21630096435547,-100.5986099,49.217227935791016,-100.5985031
234469,9/19/24 23:10,9/22/24 23:10,49.21630096435547,-100.5986099,49.21704102,-100.5987015
234469,9/19/24 23:10,9/23/24 23:10,49.21630096435547,-100.5986099,49.21712493896485,-100.5983047
234469,9/19/24 23:10,9/24/24 23:10,49.21630096435547,-100.5986099,49.21710205078125,-100.5984039
234469,9/19/24 23:10,9/25/24 23:10,49.21630096435547,-100.5986099,49.21718215942383,-100.5983887
234469,9/19/24 23:10,9/26/24 23:10,49.21630096435547,-100.5986099,49.21721649169922,-100.5985107
234470,9/19/24 23:54,9/20/24 23:54,45.29992676,-92.9811554,45.29965591430664,-92.98194885
234470,9/19/24 23:54,9/21/24 23:54,45.29992676,-92.9811554,45.29961013793945,-92.98214722
234470,9/19/24 23:54,9/22/24 23:54,45.29992676,-92.9811554,45.29954528808594,-92.98227692
234470,9/19/24 23:54,9/23/24 23:54,45.29992676,-92.9811554,45.29881286621094,-92.99234009
234470,9/19/24 23:54,9/24/24 23:54,45.29992676,-92.9811554,45.30946350097656,-92.97692108
234470,9/19/24 23:54,9/25/24 23:54,45.29992676,-92.9811554,45.29949188232422,-92.98120117
234470,9/19/24 23:54,9/26/24 23:54,45.29992676,-92.9811554,45.29964447021485,-92.98155212
234472,9/19/24 23:28,9/20/24 23:28,47.34160614013672,-99.42510986,47.34165954589844,-99.42515564
234472,9/19/24 23:28,9/21/24 23:28,47.34160614013672,-99.42510986,47.34152603149414,-99.42519379
234472,9/19/24 23:28,9/22/24 23:28,47.34160614013672,-99.42510986,47.34152603149414,-99.42532349
234472,9/19/24 23:28,9/23/24 23:28,47.34160614013672,-99.42510986,47.341426849365234,-99.42503357
234472,9/19/24 23:28,9/24/24 23:28,47.34160614013672,-99.42510986,47.34160614013672,-99.42517853
234472,9/19/24 23:28,9/25/24 23:28,47.34160614013672,-99.42510986,47.34166717529297,-99.42501068
234472,9/19/24 23:28,9/26/24 23:28,47.34160614013672,-99.42510986,47.34179688,-99.40747833
234473,8/22/24 23:37,8/23/24 23:37,45.05924606323242,-94.21551514,45.05970764160156,-94.21482086
234473,8/22/24 23:37,8/24/24 23:37,45.05924606323242,-94.21551514,45.05967712402344,-94.21536255
234473,8/22/24 23:37,8/25/24 23:37,45.05924606323242,-94.21551514,45.059837341308594,-94.21531677
234473,8/22/24 23:37,8/26/24 23:37,45.05924606323242,-94.21551514,45.05980682373047,-94.21502686
234473,8/22/24 23:37,8/27/24 23:37,45.05924606323242,-94.21551514,45.05974960327149,-94.21511841
234473,8/22/24 23:37,8/28/24 23:37,45.05924606323242,-94.21551514,45.05957794189453,-94.2151947
234473,8/22/24 23:37,8/29/24 23:37,45.05924606323242,-94.21551514,45.05978775024414,-94.21512604
234475,9/19/24 23:05,9/20/24 23:05,49.69832992553711,-100.2891617,49.69830322265625,-100.2891922
234475,9/19/24 23:05,9/21/24 23:05,49.69832992553711,-100.2891617,49.69831466674805,-100.2891922
234475,9/19/24 23:05,9/22/24 23:05,49.69832992553711,-100.2891617,49.69889450073242,-100.2947617
234475,9/19/24 23:05,9/23/24 23:05,49.69832992553711,-100.2891617,49.69879913330078,-100.2948608
234475,9/19/24 23:05,9/24/24 23:05,49.69832992553711,-100.2891617,49.69875336,-100.2947922
234475,9/19/24 23:05,9/25/24 23:05,49.69832992553711,-100.2891617,49.69881439208984,-100.2947235
234475,9/19/24 23:05,9/26/24 23:05,49.69832992553711,-100.2891617,49.69891357421875,-100.2947617
234480,9/19/24 23:53,9/20/24 23:53,36.27737808227539,-88.85257721,36.27736282348633,-88.85241699
234480,9/19/24 23:53,9/21/24 23:53,36.27737808227539,-88.85257721,36.27804946899414,-88.85240936
234480,9/19/24 23:53,9/22/24 23:53,36.27737808227539,-88.85257721,36.277469635009766,-88.85266113
234480,9/19/24 23:53,9/23/24 23:53,36.27737808227539,-88.85257721,36.27767181396485,-88.852211
234480,9/19/24 23:53,9/24/24 23:53,36.27737808227539,-88.85257721,36.27793884277344,-88.85184479
234480,9/19/24 23:53,9/25/24 23:53,36.27737808227539,-88.85257721,36.27812957763672,-88.85150909
234480,9/19/24 23:53,9/26/24 23:53,36.27737808227539,-88.85257721,36.27790451049805,-88.85166931
234486,9/19/24 23:53,9/20/24 23:53,37.01319504,-90.16634369,37.01405715942383,-90.1663208
234486,9/19/24 23:53,9/21/24 23:53,37.01319504,-90.16634369,37.013484954833984,-90.16562653
234486,9/19/24 23:53,9/22/24 23:53,37.01319504,-90.16634369,37.01367568969727,-90.1659317
234486,9/19/24 23:53,9/23/24 23:53,37.01319504,-90.16634369,37.01316452026367,-90.16573334
234486,9/19/24 23:53,9/24/24 23:53,37.01319504,-90.16634369,37.01302337646485,-90.16564941
234486,9/19/24 23:53,9/25/24 23:53,37.01319504,-90.16634369,37.01324081420898,-90.16575623
234486,9/19/24 23:53,9/26/24 23:53,37.01319504,-90.16634369,37.01300048828125,-90.1657486
234487,8/29/24 11:57,8/30/24 11:57,48.35880661010742,-98.62243652,48.360313415527344,-98.62128448
234487,8/29/24 11:57,8/31/24 11:57,48.35880661010742,-98.62243652,48.36030197143555,-98.62129974
234487,8/29/24 11:57,9/1/24 11:57,48.35880661010742,-98.62243652,48.36056137084961,-98.62191772
234487,8/29/24 11:57,9/2/24 11:57,48.35880661010742,-98.62243652,48.36030960083008,-98.6213913
234487,8/29/24 11:57,9/3/24 11:57,48.35880661010742,-98.62243652,48.359981536865234,-98.62168121
234487,8/29/24 11:57,9/4/24 11:57,48.35880661010742,-98.62243652,48.35997772216797,-98.62175751
234487,8/29/24 11:57,9/5/24 11:57,48.35880661010742,-98.62243652,48.36022567749024,-98.62125397
234488,9/19/24 23:03,9/20/24 23:03,51.071231842041016,-103.7470093,51.07130432128906,-103.7468948
234488,9/19/24 23:03,9/21/24 23:03,51.071231842041016,-103.7470093,51.070987701416016,-103.7466888
234488,9/19/24 23:03,9/22/24 23:03,51.071231842041016,-103.7470093,51.07082367,-103.7467499
234488,9/19/24 23:03,9/23/24 23:03,51.071231842041016,-103.7470093,51.07090377807617,-103.7465286
234488,9/19/24 23:03,9/24/24 23:03,51.071231842041016,-103.7470093,51.07152176,-103.7466125
234488,9/19/24 23:03,9/25/24 23:03,51.071231842041016,-103.7470093,51.07112884521485,-103.7468643
234488,9/19/24 23:03,9/26/24 23:03,51.071231842041016,-103.7470093,51.07117844,-103.7469559
234489,9/19/24 23:42,9/20/24 23:42,38.49794006347656,-90.24678802,38.502254486083984,-90.24956512
234489,9/19/24 23:42,9/21/24 23:42,38.49794006347656,-90.24678802,38.50221252441406,-90.24927521
234489,9/19/24 23:42,9/22/24 23:42,38.49794006347656,-90.24678802,38.503047943115234,-90.24808502
234489,9/19/24 23:42,9/23/24 23:42,38.49794006347656,-90.24678802,38.501766204833984,-90.24885559
234489,9/19/24 23:42,9/24/24 23:42,38.49794006347656,-90.24678802,38.501747131347656,-90.24882507
234489,9/19/24 23:42,9/25/24 23:42,38.49794006347656,-90.24678802,38.50163650512695,-90.24865723
234489,9/19/24 23:42,9/26/24 23:42,38.49794006347656,-90.24678802,38.50291061401367,-90.24813843
234490,9/19/24 23:01,9/20/24 23:01,52.32002258300781,-104.1327515,52.31986618041992,-104.1325302
234490,9/19/24 23:01,9/21/24 23:01,52.32002258300781,-104.1327515,52.31996154785156,-104.1327133
234490,9/19/24 23:01,9/22/24 23:01,52.32002258300781,-104.1327515,52.31957244873047,-104.1332245
234490,9/19/24 23:01,9/23/24 23:01,52.32002258300781,-104.1327515,52.31915664672852,-104.1330338
234490,9/19/24 23:01,9/24/24 23:01,52.32002258300781,-104.1327515,52.31913375854492,-104.1329651
234490,9/19/24 23:01,9/25/24 23:01,52.32002258300781,-104.1327515,52.319244384765625,-104.1332397
234490,9/19/24 23:01,9/26/24 23:01,52.32002258300781,-104.1327515,52.32000350952149,-104.1326218