duck_id,actual_time,actual_lat,actual_lon,predicted_time,predicted_lat,predicted_lon,time_diff_minutes,distance_km
WLR-187-F-YR2,2024-09-20 00:34:43,49.6089096069336,-101.7801742553711,2024-09-20 00:33:31,52.885727,-109.64208,-1.2,658.4011849790709
WLR-187-F-YR2,2024-09-20 01:34:03,49.61021423339844,-101.7815399169922,2024-09-20 01:34:03,52.979862,-109.67394,0.0,665.439424773983
WLR-187-F-YR2,2024-09-20 02:33:41,49.61020660400391,-101.7814483642578,2024-09-20 02:34:33,52.521755,-109.229454,0.8666666666666667,613.9497546907606
WLR-187-F-YR2,2024-09-20 03:33:57,49.61024475097656,-101.78146362304688,2024-09-20 03:33:52,52.613777,-109.26861,-0.08333333333333333,621.2618920393284
WLR-187-F-YR2,2024-09-20 04:34:03,49.6102294921875,-101.78150177001952,2024-09-20 04:34:11,52.884533,-109.5498,0.13333333333333333,652.8242312196196
WLR-187-F-YR2,2024-09-20 05:33:28,49.610233306884766,-101.78123474121094,2024-09-20 04:34:11,52.884533,-109.5498,-59.28333333333333,652.8394154837823
WLR-187-F-YR2,2024-09-20 06:34:43,49.60979843139648,-101.7810287475586,2024-09-20 06:33:57,52.76562,-109.42149,-0.7666666666666667,638.7052088400717
WLR-187-F-YR2,2024-09-20 07:34:03,49.6097526550293,-101.78099822998048,2024-09-20 07:33:22,52.900303,-109.57077,-0.6833333333333333,654.9965785610672
WLR-187-F-YR2,2024-09-20 08:33:27,49.6097412109375,-101.78095245361328,2024-09-20 08:33:57,52.30012,-109.08675,0.5,593.8171569665059
WLR-187-F-YR2,2024-09-20 09:34:35,49.6097526550293,-101.78103637695312,2024-09-20 09:34:33,52.85993,-109.517654,-0.03333333333333333,649.6224417212339
WLR-187-F-YR2,2024-09-20 10:33:39,49.60971450805664,-101.78095245361328,2024-09-20 10:34:03,52.88375,-109.60586,0.4,656.0907457010724
WLR-187-F-YR2,2024-09-20 12:33:51,49.6125373840332,-101.78689575195312,2024-09-20 12:33:57,53.534977,-110.13653,0.1,724.1670177230104
WLR-187-F-YR2,2024-09-20 13:33:57,49.61244201660156,-101.7869644165039,2024-09-20 12:34:33,53.014072,-109.67424,-59.4,666.9706743499551
WLR-187-F-YR2,2024-09-20 14:33:57,49.61249923706055,-101.78689575195312,2024-09-20 14:34:43,53.88286,-110.498245,0.7666666666666667,765.7069626369406
WLR-187-F-YR2,2024-09-20 15:33:24,49.61262512207031,-101.7865982055664,2024-09-20 15:33:52,52.81286,-109.46905,0.4666666666666667,643.622495998098
WLR-187-F-YR2,2024-09-20 16:34:03,49.61257553100586,-101.78710174560548,2024-09-20 16:33:32,52.590893,-109.31389,-0.5166666666666667,622.2044319047467
WLR-187-F-YR2,2024-09-20 17:34:39,49.61284637451172,-101.78646850585938,2024-09-20 16:33:32,52.590893,-109.31389,-61.11666666666667,622.2246078186009
WLR-187-F-YR2,2024-09-20 18:33:25,49.61295318603516,-101.78633880615234,2024-09-20 16:33:32,52.590893,-109.31389,-119.88333333333334,622.2254627953647
WLR-187-F-YR2,2024-09-20 19:34:03,49.61246490478516,-101.78667449951172,2024-09-20 20:33:29,54.73554,-111.205376,59.43333333333333,859.0092537959079
WLR-187-F-YR2,2024-09-20 20:33:29,49.61272430419922,-101.7862319946289,2024-09-20 20:33:29,54.73554,-111.205376,0.0,859.0113530312374
WLR-187-F-YR2,2024-09-20 21:33:51,49.61277389526367,-101.78622436523438,2024-09-20 21:33:51,54.81832,-111.306694,0.0,869.805222234313
WLR-187-F-YR2,2024-09-20 22:33:52,49.61255645751953,-101.78688049316406,2024-09-20 22:33:51,53.081593,-109.817245,-0.016666666666666666,679.0687631694537
WLR-187-F-YR2,2024-09-20 23:33:51,49.61249923706055,-101.78697204589844,2024-09-21 00:33:31,52.885727,-109.64208,59.666666666666664,657.76872010774
WLR-187-F-YR2,2024-09-21 00:34:10,49.61250305175781,-101.78678894042967,2024-09-21 00:33:31,52.885727,-109.64208,-0.65,657.7790903352453
WLR-187-F-YR2,2024-09-21 01:34:43,49.61246871948242,-101.78704833984376,2024-09-21 01:34:03,52.979862,-109.67394,-0.6666666666666666,664.9707859097978
WLR-187-F-YR2,2024-09-21 02:34:05,49.61235046386719,-101.78703308105467,2024-09-21 02:34:33,52.521755,-109.229454,0.4666666666666667,613.4821659869378
WLR-187-F-YR2,2024-09-21 03:33:51,49.61245346069336,-101.78705596923828,2024-09-21 03:33:52,52.613777,-109.26861,0.016666666666666666,620.7901289068717
WLR-187-F-YR2,2024-09-21 04:33:24,49.61241912841797,-101.78688049316406,2024-09-21 04:34:11,52.884533,-109.5498,0.7833333333333333,652.3671267278609
WLR-187-F-YR2,2024-09-21 05:34:03,49.61238861083984,-101.78690338134766,2024-09-21 04:34:11,52.884533,-109.5498,-59.86666666666667,652.3678400888265
WLR-187-F-YR2,2024-09-21 06:34:03,49.61244201660156,-101.7869644165039,2024-09-21 06:33:57,52.76562,-109.42149,-0.1,638.185397449478
WLR-187-F-YR2,2024-09-21 07:33:41,49.61246871948242,-101.7869644165039,2024-09-21 07:33:22,52.900303,-109.57077,-0.31666666666666665,654.4703969698037
WLR-187-F-YR2,2024-09-21 08:34:03,49.61246109008789,-101.78702545166016,2024-09-21 08:34:03,52.75842,-109.41776,0.0,637.5592281339707
WLR-187-F-YR2,2024-09-21 09:33:41,49.6128158569336,-101.78662109375,2024-09-21 09:34:33,52.85993,-109.517654,0.8666666666666667,649.095187912843
WLR-187-F-YR2,2024-09-21 10:33:25,49.61281967163086,-101.78641510009766,2024-09-21 10:34:03,52.88375,-109.60586,0.6333333333333333,655.5678133731224
WLR-187-F-YR2,2024-09-21 11:34:03,49.612911224365234,-101.78662109375,2024-09-21 10:34:03,52.88375,-109.60586,-60.0,655.5497917321802
WLR-187-F-YR2,2024-09-21 12:34:03,49.6154670715332,-101.78372955322266,2024-09-21 12:34:33,53.014072,-109.67424,0.5,666.9509405412357
WLR-187-F-YR2,2024-09-21 13:33:22,49.6154899597168,-101.78376007080078,2024-09-21 12:34:33,53.014072,-109.67424,-58.81666666666667,666.9476407527419
WLR-187-F-YR2,2024-09-21 14:33:41,49.61545181274414,-101.7837371826172,2024-09-21 14:34:43,53.88286,-110.498245,1.0333333333333334,765.6592772354991
WLR-187-F-YR2,2024-09-21 15:33:52,49.612701416015625,-101.78663635253906,2024-09-21 15:33:52,52.81286,-109.46905,0.0,643.6152318050327
WLR-187-F-YR2,2024-09-21 16:33:30,49.612754821777344,-101.78671264648438,2024-09-21 16:33:32,52.590893,-109.31389,0.03333333333333333,622.216007012919
WLR-187-F-YR2,2024-09-21 17:33:51,49.6127815246582,-101.78656005859376,2024-09-21 16:33:32,52.590893,-109.31389,-60.31666666666667,622.2233310783596
WLR-187-F-YR2,2024-09-21 18:33:25,49.61237716674805,-101.7867660522461,2024-09-21 16:33:32,52.590893,-109.31389,-119.88333333333334,622.2369624881413
WLR-187-F-YR2,2024-09-21 19:34:03,49.61251068115234,-101.7870635986328,2024-09-21 20:33:29,54.73554,-111.205376,59.43333333333333,858.9858130780829
WLR-187-F-YR2,2024-09-21 20:33:24,49.6126708984375,-101.7867431640625,2024-09-21 20:33:29,54.73554,-111.205376,0.08333333333333333,858.9895108020493
WLR-187-F-YR2,2024-09-21 22:33:51,49.61252212524414,-101.78707885742188,2024-09-21 22:33:51,53.081593,-109.817245,0.0,679.0597533623242
WLR-187-F-YR2,2024-09-21 23:33:51,49.61248016357422,-101.78665161132812,2024-09-22 00:33:31,52.885727,-109.64208,59.666666666666664,657.7885757030772
WLR-187-F-YR2,2024-09-22 00:33:26,49.61269378662109,-101.78622436523438,2024-09-22 00:33:31,52.885727,-109.64208,0.08333333333333333,657.7991971365911
WLR-187-F-YR2,2024-09-22 01:33:56,49.61724090576172,-101.79417419433594,2024-09-22 01:34:03,52.979862,-109.67394,0.11666666666666667,664.2395383430301
WLR-187-F-YR2,2024-09-22 02:34:02,49.6200065612793,-101.7949447631836,2024-09-22 02:34:33,52.521755,-109.229454,0.5166666666666667,612.5276579815921
WLR-187-F-YR2,2024-09-22 03:34:33,49.61993408203125,-101.79519653320312,2024-09-22 03:34:03,52.899746,-109.56887,-0.5,653.3544524136917
WLR-187-F-YR2,2024-09-22 04:33:23,49.61990737915039,-101.79534912109376,2024-09-22 04:34:11,52.884533,-109.5498,0.8,651.377899760925
WLR-187-F-YR2,2024-09-22 05:33:41,49.61989974975586,-101.79530334472656,2024-09-22 04:34:11,52.884533,-109.5498,-59.5,651.3810558096256
WLR-187-F-YR2,2024-09-22 06:34:33,49.61994934082031,-101.79524230957033,2024-09-22 06:33:57,52.76562,-109.42149,-0.6,637.2093514981434
WLR-187-F-YR2,2024-09-22 07:33:41,49.61986541748047,-101.7953109741211,2024-09-22 06:33:57,52.76562,-109.42149,-59.733333333333334,637.2108631525265
WLR-187-F-YR2,2024-09-22 08:33:41,49.61994171142578,-101.79529571533205,2024-09-22 08:33:57,52.30012,-109.08675,0.26666666666666666,592.329783127883
WLR-187-F-YR2,2024-09-22 09:33:57,49.61978912353516,-101.79553985595705,2024-09-22 09:34:40,52.766144,-109.43106,0.7166666666666667,637.7899123911147
WLR-187-F-YR2,2024-09-22 10:33:40,49.6199836730957,-101.79544067382812,2024-09-22 10:34:03,52.88375,-109.60586,0.38333333333333336,654.568786616606
WLR-187-F-YR2,2024-09-22 11:34:43,49.61960983276367,-101.7957992553711,2024-09-22 10:34:03,52.88375,-109.60586,-60.666666666666664,654.5728309310804
WLR-187-F-YR2,2024-09-22 12:33:22,49.619876861572266,-101.79518127441406,2024-09-22 10:34:03,52.88375,-109.60586,-119.31666666666666,654.5909158474253
WLR-187-F-YR2,2024-09-22 13:34:27,49.617130279541016,-101.7944107055664,2024-09-22 14:34:43,53.88286,-110.498245,60.266666666666666,764.9588508537271
WLR-187-F-YR2,2024-09-22 14:33:51,49.61700820922852,-101.79377746582033,2024-09-22 14:34:43,53.88286,-110.498245,0.8666666666666667,765.0020642519622
WLR-187-F-YR2,2024-09-22 15:33:23,49.617408752441406,-101.79393768310548,2024-09-22 14:34:43,53.88286,-110.498245,-58.666666666666664,764.9638044231323
WLR-187-F-YR2,2024-09-22 16:33:57,49.61742401123047,-101.7939453125,2024-09-22 16:33:32,52.590893,-109.31389,-0.4166666666666667,621.4899228582516
WLR-187-F-YR2,2024-09-22 17:33:27,49.61745071411133,-101.79435729980467,2024-09-22 16:33:32,52.590893,-109.31389,-59.916666666666664,621.4638373601687
WLR-187-F-YR2,2024-09-22 18:34:03,49.61689758300781,-101.79412841796876,2024-09-22 20:33:29,54.73554,-111.205376,119.43333333333334,858.2798311123503
WLR-187-F-YR2,2024-09-22 19:33:23,49.61702728271485,-101.7944107055664,2024-09-22 20:33:29,54.73554,-111.205376,60.1,858.2552174749202
WLR-187-F-YR2,2024-09-22 20:33:57,49.61686325073242,-101.79395294189452,2024-09-22 20:33:29,54.73554,-111.205376,-0.4666666666666667,858.2914814154692
WLR-187-F-YR2,2024-09-22 21:33:51,49.61695098876953,-101.79418182373048,2024-09-22 21:33:51,54.81832,-111.306694,0.0,869.0706000819207
WLR-187-F-YR2,2024-09-22 22:33:57,49.61874771118164,-101.79633331298828,2024-09-22 22:33:51,53.081593,-109.817245,-0.1,678.107211470499
WLR-187-F-YR2,2024-09-22 23:33:22,49.612735748291016,-101.78595733642578,2024-09-22 22:33:51,53.081593,-109.817245,-59.516666666666666,679.1093688041464
WLR-187-F-YR2,2024-09-23 00:34:09,49.61246109008789,-101.7868194580078,2024-09-23 00:33:31,52.885727,-109.64208,-0.6333333333333333,657.7801026586127
WLR-187-F-YR2,2024-09-23 01:34:41,49.61997985839844,-101.79541015625,2024-09-23 01:34:03,52.979862,-109.67394,-0.6333333333333333,663.9839984899472
WLR-187-F-YR2,2024-09-23 02:33:41,49.61989212036133,-101.79533386230467,2024-09-23 02:34:33,52.521755,-109.229454,0.8666666666666667,612.5117585602821
WLR-187-F-YR2,2024-09-23 03:34:03,49.619895935058594,-101.79535675048828,2024-09-23 03:34:03,52.899746,-109.56887,0.0,653.3477433945986
WLR-187-F-YR2,2024-09-23 04:33:23,49.61983871459961,-101.7953872680664,2024-09-23 04:34:11,52.884533,-109.5498,0.8,651.3802726719787
WLR-187-F-YR2,2024-09-23 05:33:24,49.61981964111328,-101.7953643798828,2024-09-23 04:34:11,52.884533,-109.5498,-59.21666666666667,651.3828682470329
WLR-187-F-YR2,2024-09-23 06:34:03,49.61983489990234,-101.79544067382812,2024-09-23 06:33:57,52.76562,-109.42149,-0.1,637.2053072181379
WLR-187-F-YR2,2024-09-23 07:33:57,49.6198844909668,-101.7953643798828,2024-09-23 06:33:57,52.76562,-109.42149,-60.0,637.206496286013
WLR-187-F-YR2,2024-09-23 08:33:29,49.61994552612305,-101.79533386230467,2024-09-23 08:33:57,52.30012,-109.08675,0.4666666666666667,592.3272402501932
WLR-187-F-YR2,2024-09-23 09:34:43,49.61985778808594,-101.79544830322266,2024-09-23 09:34:40,52.766144,-109.43106,-0.05,637.7907419084659
WLR-187-F-YR2,2024-09-23 10:34:03,49.61985778808594,-101.79531860351562,2024-09-23 10:34:03,52.88375,-109.60586,0.0,654.5842225008713
WLR-187-F-YR2,2024-09-23 11:34:43,49.61983871459961,-101.79552459716795,2024-09-23 10:34:03,52.88375,-109.60586,-60.666666666666664,654.5735492438566
WLR-187-F-YR2,2024-09-23 12:33:57,49.61734008789063,-101.79387664794922,2024-09-23 10:34:03,52.88375,-109.60586,-119.9,654.835033419559
WLR-187-F-YR2,2024-09-23 13:33:51,49.61719131469727,-101.79356384277344,2024-09-23 14:34:43,53.88286,-110.498245,60.86666666666667,765.0000625072897
WLR-187-F-YR2,2024-09-23 14:33:51,49.6182975769043,-101.79650115966795,2024-09-23 14:34:43,53.88286,-110.498245,0.8666666666666667,764.7596936916078
WLR-187-F-YR2,2024-09-23 15:33:25,49.61985778808594,-101.79592895507812,2024-09-23 14:34:43,53.88286,-110.498245,-58.7,764.675265215671
WLR-187-F-YR2,2024-09-23 16:33:56,49.61946105957031,-101.79657745361328,2024-09-23 16:33:32,52.590893,-109.31389,-0.4,621.204145025556
WLR-187-F-YR2,2024-09-23 17:34:43,49.61959838867188,-101.796630859375,2024-09-23 16:33:32,52.590893,-109.31389,-61.18333333333333,621.1922210904894
WLR-187-F-YR2,2024-09-23 18:34:03,49.61940002441406,-101.79660034179688,2024-09-23 16:33:32,52.590893,-109.31389,-120.51666666666667,621.2066852372831
WLR-187-F-YR2,2024-09-23 19:34:03,49.619667053222656,-101.79627227783205,2024-09-23 21:33:41,53.224846,-109.94864,119.63333333333334,693.9067377873595
WLR-187-F-YR2,2024-09-23 20:33:41,49.61946868896485,-101.79654693603516,2024-09-23 21:33:41,53.224846,-109.94864,60.0,693.9048952776634
WLR-187-F-YR2,2024-09-23 21:33:51,49.61955261230469,-101.7965850830078,2024-09-23 21:33:41,53.224846,-109.94864,-0.16666666666666666,693.8969357142743
WLR-187-F-YR2,2024-09-23 22:33:29,49.61964416503906,-101.7960433959961,2024-09-23 22:33:51,53.081593,-109.817245,0.36666666666666664,678.0628662294479
WLR-187-F-YR2,2024-09-23 23:33:51,49.61962890625,-101.79660034179688,2024-09-23 22:33:51,53.081593,-109.817245,-60.0,678.0320455930239
WLR-187-F-YR2,2024-09-24 00:34:43,49.619510650634766,-101.79644012451172,2024-09-24 02:34:33,52.521755,-109.229454,119.83333333333333,612.47010631047
WLR-187-F-YR2,2024-09-24 01:34:11,49.61986541748047,-101.7952651977539,2024-09-24 02:34:33,52.521755,-109.229454,60.36666666666667,612.5175289104035
WLR-187-F-YR2,2024-09-24 02:33:31,49.61980819702149,-101.79553985595705,2024-09-24 02:34:33,52.521755,-109.229454,1.0333333333333334,612.504816883553
WLR-187-F-YR2,2024-09-24 03:34:43,49.61986923217773,-101.79547882080078,2024-09-24 03:33:47,52.479584,-109.19501,-0.9333333333333333,608.1981774409479
WLR-187-F-YR2,2024-09-24 04:33:41,49.61983489990234,-101.79548645019533,2024-09-24 03:33:47,52.479584,-109.19501,-59.9,608.1998772121513
WLR-187-F-YR2,2024-09-24 05:33:30,49.61991882324219,-101.79508209228516,2024-09-24 03:33:47,52.479584,-109.19501,-119.71666666666667,608.2187314944151
WLR-187-F-YR2,2024-09-24 06:34:09,49.61984634399414,-101.7955093383789,2024-09-24 08:33:57,52.30012,-109.08675,119.8,592.3226139635747
WLR-187-F-YR2,2024-09-24 07:33:26,49.619903564453125,-101.7956085205078,2024-09-24 08:33:57,52.30012,-109.08675,60.516666666666666,592.3131371684009
WLR-187-F-YR2,2024-09-24 08:34:03,49.61977767944336,-101.79505157470705,2024-09-24 08:33:57,52.30012,-109.08675,-0.1,592.3545147730117
WLR-187-F-YR2,2024-09-24 09:34:05,49.619895935058594,-101.79496002197266,2024-09-24 08:33:57,52.30012,-109.08675,-60.13333333333333,592.3528999402812
WLR-187-F-YR2,2024-09-24 10:33:40,49.61985778808594,-101.79501342773438,2024-09-24 08:33:57,52.30012,-109.08675,-119.71666666666667,592.351974068613
WLR-187-F-YR2,2024-09-24 11:33:51,49.61980056762695,-101.7951202392578,2024-09-24 08:33:57,52.30012,-109.08675,-179.9,592.3489670919976
WLR-187-F-YR2,2024-09-24 12:34:03,49.61993408203125,-101.7952117919922,2024-09-24 14:34:43,53.88286,-110.498245,120.66666666666667,764.7083528809345
WLR-187-F-YR2,2024-09-24 13:33:24,49.619720458984375,-101.79632568359376,2024-09-24 14:34:43,53.88286,-110.498245,61.31666666666667,764.663992754582
WLR-187-F-YR2,2024-09-24 14:33:36,49.6194953918457,-101.79661560058594,2024-09-24 14:34:43,53.88286,-110.498245,1.1166666666666667,764.6649736118658
WLR-187-F-YR2,2024-09-24 15:33:51,49.61946487426758,-101.79656219482422,2024-09-24 14:34:43,53.88286,-110.498245,-59.13333333333333,764.6701129290155
WLR-187-F-YR2,2024-09-24 16:33:25,49.61946487426758,-101.7965087890625,2024-09-24 16:33:32,52.590893,-109.31389,0.11666666666666667,621.207965434482
WLR-187-F-YR2,2024-09-24 17:34:44,49.61946105957031,-101.79654693603516,2024-09-24 16:33:32,52.590893,-109.31389,-61.2,621.2059511717544
WLR-187-F-YR2,2024-09-24 18:33:57,49.61945724487305,-101.79656982421876,2024-09-24 16:33:32,52.590893,-109.31389,-120.41666666666667,621.204839986147
WLR-187-F-YR2,2024-09-24 19:34:44,49.61955642700195,-101.7966537475586,2024-09-24 21:33:41,53.224846,-109.94864,118.95,693.8927844352673
WLR-187-F-YR2,2024-09-24 20:34:44,49.619667053222656,-101.79627990722656,2024-09-24 21:33:41,53.224846,-109.94864,58.95,693.9063058158999
WLR-187-F-YR2,2024-09-24 21:33:51,49.61967086791992,-101.79664611816406,2024-09-24 21:33:41,53.224846,-109.94864,-0.16666666666666666,693.8853077228741
WLR-187-F-YR2,2024-09-24 22:33:51,49.61967849731445,-101.796630859375,2024-09-24 21:33:41,53.224846,-109.94864,-60.166666666666664,693.8856444140396
WLR-187-F-YR2,2024-09-24 23:33:22,49.61954498291016,-101.7957763671875,2024-09-24 21:33:41,53.224846,-109.94864,-119.68333333333334,693.9432516742913
WLR-187-F-YR2,2024-09-25 00:34:44,49.61986923217773,-101.79541015625,2024-09-24 21:33:41,53.224846,-109.94864,-181.05,693.941580887391
WLR-187-F-YR2,2024-09-25 01:33:41,49.6198844909668,-101.79499816894533,2024-09-24 21:33:41,53.224846,-109.94864,-240.0,693.9638543975515
WLR-187-F-YR2,2024-09-25 02:34:26,49.6198844909668,-101.79496002197266,2024-09-24 21:33:41,53.224846,-109.94864,-300.75,693.9660144054261
WLR-187-F-YR2,2024-09-25 03:33:51,49.619850158691406,-101.79499053955078,2024-09-24 21:33:41,53.224846,-109.94864,-360.1666666666667,693.9666586527186
WLR-187-F-YR2,2024-09-25 04:33:57,49.61983108520508,-101.79499053955078,2024-09-24 21:33:41,53.224846,-109.94864,-420.26666666666665,693.967976577075
WLR-187-F-YR2,2024-09-25 05:34:44,49.619911193847656,-101.79503631591795,2024-09-24 21:33:41,53.224846,-109.94864,-481.05,693.9598493101139
WLR-187-F-YR2,2024-09-25 06:34:03,49.619903564453125,-101.79507446289062,2024-09-24 21:33:41,53.224846,-109.94864,-540.3666666666667,693.9582164714296
WLR-187-F-YR2,2024-09-25 07:33:25,49.61995315551758,-101.79525756835938,2024-09-24 21:33:41,53.224846,-109.94864,-599.7333333333333,693.9444218816815
WLR-187-F-YR2,2024-09-25 08:33:57,49.61994552612305,-101.79527282714844,2024-09-24 21:33:41,53.224846,-109.94864,-660.2666666666667,693.9440850541916
WLR-187-F-YR2,2024-09-25 09:34:44,49.619850158691406,-101.79513549804688,2024-09-24 21:33:41,53.224846,-109.94864,-721.05,693.9584506729085
WLR-187-F-YR2,2024-09-25 10:34:11,49.61992645263672,-101.7949676513672,2024-09-24 21:33:41,53.224846,-109.94864,-780.5,693.9626830039147
WLR-187-F-YR2,2024-09-25 11:33:57,49.61983489990234,-101.79509735107422,2024-09-24 21:33:41,53.224846,-109.94864,-840.2666666666667,693.9616650093517
WLR-187-F-YR2,2024-09-25 12:33:51,49.61553192138672,-101.783935546875,2024-09-24 21:33:41,53.224846,-109.94864,-900.1666666666666,694.8910336282223
WLR-187-F-YR2,2024-09-25 13:33:51,49.61948776245117,-101.78955078125,2024-09-24 21:33:41,53.224846,-109.94864,-960.1666666666666,694.2997412079296
WLR-187-F-YR2,2024-09-25 14:34:03,49.61928176879883,-101.78884887695312,2024-09-24 21:33:41,53.224846,-109.94864,-1020.3666666666667,694.3537223877729
WLR-187-F-YR2,2024-09-25 15:33:23,49.61944961547852,-101.7886962890625,2024-09-24 21:33:41,53.224846,-109.94864,-1079.7,694.3507702861475
WLR-187-F-YR2,2024-09-25 16:33:32,49.61927032470703,-101.78890228271484,2024-09-24 21:33:41,53.224846,-109.94864,-1139.85,694.3514882869378
WLR-187-F-YR2,2024-09-25 17:34:03,49.61941909790039,-101.78882598876952,2024-09-24 21:33:41,53.224846,-109.94864,-1200.3666666666666,694.3455326365083
WLR-187-F-YR2,2024-09-25 18:33:24,49.61898422241211,-101.78907012939452,2024-09-24 21:33:41,53.224846,-109.94864,-1259.7166666666667,694.361745945583
WLR-187-F-YR2,2024-09-25 19:34:03,49.61954879760742,-101.78874969482422,2024-09-24 21:33:41,53.224846,-109.94864,-1320.3666666666666,694.3408947942204
WLR-187-F-YR2,2024-09-25 20:33:57,49.61840438842773,-101.78878021240234,2024-09-24 21:33:41,53.224846,-109.94864,-1380.2666666666667,694.4182209650603
WLR-187-F-YR2,2024-09-25 21:33:51,49.619361877441406,-101.7894058227539,2024-09-24 21:33:41,53.224846,-109.94864,-1440.1666666666667,694.3166465496729
WLR-187-F-YR2,2024-09-25 22:34:45,49.61851119995117,-101.78888702392578,2024-09-24 21:33:41,53.224846,-109.94864,-1501.0666666666666,694.4047930609689
WLR-187-F-YR2,2024-09-25 23:34:03,49.61952972412109,-101.78871154785156,2024-09-24 21:33:41,53.224846,-109.94864,-1560.3666666666666,694.3443727452602
WLR-187-F-YR2,2024-09-26 00:33:41,49.619571685791016,-101.78860473632812,2024-09-24 21:33:41,53.224846,-109.94864,-1620.0,694.347523774904
WLR-187-F-YR2,2024-09-26 01:34:03,49.61986541748047,-101.79489135742188,2024-09-24 21:33:41,53.224846,-109.94864,-1680.3666666666666,693.9712203368108
WLR-187-F-YR2,2024-09-26 02:34:45,49.61979675292969,-101.79498291015624,2024-09-24 21:33:41,53.224846,-109.94864,-1741.0666666666666,693.9707808493604
WLR-187-F-YR2,2024-09-26 03:33:24,49.61977005004883,-101.79484558105467,2024-09-24 21:33:41,53.224846,-109.94864,-1799.7166666666667,693.9804019379359
WLR-187-F-YR2,2024-09-26 04:33:32,49.61982345581055,-101.79505157470705,2024-09-24 21:33:41,53.224846,-109.94864,-1859.85,693.9650477578128
WLR-187-F-YR2,2024-09-26 05:33:57,49.61983871459961,-101.79503631591795,2024-09-24 21:33:41,53.224846,-109.94864,-1920.2666666666667,693.964857410357
WLR-187-F-YR2,2024-09-26 06:33:41,49.619876861572266,-101.7950668334961,2024-09-24 21:33:41,53.224846,-109.94864,-1980.0,693.960493560808
WLR-187-F-YR2,2024-09-26 07:33:31,49.61982345581055,-101.79512786865234,2024-09-24 21:33:41,53.224846,-109.94864,-2039.8333333333333,693.9607277821966
WLR-187-F-YR2,2024-09-26 08:34:11,49.61980056762695,-101.79503631591795,2024-09-24 21:33:41,53.224846,-109.94864,-2100.5,693.9674932755697
WLR-187-F-YR2,2024-09-26 09:33:32,49.61993408203125,-101.79505920410156,2024-09-24 21:33:41,53.224846,-109.94864,-2159.85,693.9569718104831
WLR-187-F-YR2,2024-09-26 10:34:03,49.61983489990234,-101.7950210571289,2024-09-24 21:33:41,53.224846,-109.94864,-2220.366666666667,693.9659849942046
WLR-187-F-YR2,2024-09-26 11:33:32,49.619850158691406,-101.7950210571289,2024-09-24 21:33:41,53.224846,-109.94864,-2279.85,693.9649306529609
WLR-187-F-YR2,2024-09-26 12:33:57,49.61948013305664,-101.78870391845705,2024-09-24 21:33:41,53.224846,-109.94864,-2340.266666666667,694.3482302402956
WLR-187-F-YR2,2024-09-26 13:33:28,49.61932373046875,-101.7888641357422,2024-09-24 21:33:41,53.224846,-109.94864,-2399.7833333333333,694.3499596771605
WLR-187-F-YR2,2024-09-26 14:33:41,49.61943435668945,-101.78876495361328,2024-09-24 21:33:41,53.224846,-109.94864,-2460.0,694.347935403299
WLR-187-F-YR2,2024-09-26 15:33:51,49.6185417175293,-101.7886962890625,2024-09-24 21:33:41,53.224846,-109.94864,-2520.1666666666665,694.4134863811686
WLR-187-F-YR2,2024-09-26 16:34:03,49.61967468261719,-101.78975677490234,2024-09-24 21:33:41,53.224846,-109.94864,-2580.366666666667,694.2751631845667
WLR-187-F-YR2,2024-09-26 17:33:26,49.61951446533203,-101.78885650634766,2024-09-24 21:33:41,53.224846,-109.94864,-2639.75,694.3372168598262
WLR-187-F-YR2,2024-09-26 18:34:03,49.61957931518555,-101.78972625732422,2024-09-24 21:33:41,53.224846,-109.94864,-2700.366666666667,694.2834791359899
WLR-187-F-YR2,2024-09-26 19:33:57,49.61968994140625,-101.7895050048828,2024-09-24 21:33:41,53.224846,-109.94864,-2760.266666666667,694.2883680974554
WLR-187-F-YR2,2024-09-26 20:33:41,49.61947250366211,-101.78874969482422,2024-09-24 21:33:41,53.224846,-109.94864,-2820.0,694.3461646446515
WLR-187-F-YR2,2024-09-26 21:33:57,49.61964416503906,-101.78965759277344,2024-09-24 21:33:41,53.224846,-109.94864,-2880.266666666667,694.282888326032
WLR-187-F-YR2,2024-09-26 22:33:26,49.61969375610352,-101.78986358642578,2024-09-24 21:33:41,53.224846,-109.94864,-2939.75,694.267796474551
WLR-187-F-YR2,2024-09-26 23:33:57,49.61956787109375,-101.7898406982422,2024-09-24 21:33:41,53.224846,-109.94864,-3000.266666666667,694.2777884291476
WLR-187-F-YR2,2024-09-27 00:34:13,49.61969375610352,-101.78937530517578,2024-09-24 21:33:41,53.224846,-109.94864,-3060.5333333333333,694.2954501642762
WLR-187-F-YR2,2024-09-27 01:34:03,49.61357116699219,-101.7808609008789,2024-09-24 21:33:41,53.224846,-109.94864,-3120.366666666667,695.2006315052099
WLR-187-F-YR2,2024-09-27 02:33:57,49.6131706237793,-101.78009033203124,2024-09-24 21:33:41,53.224846,-109.94864,-3180.266666666667,695.2719456709777
WLR-187-F-YR2,2024-09-27 03:33:53,49.61323547363281,-101.78020477294922,2024-09-24 21:33:41,53.224846,-109.94864,-3240.2,695.2609838183643
WLR-187-F-YR2,2024-09-27 04:34:03,49.61326599121094,-101.78042602539062,2024-09-24 21:33:41,53.224846,-109.94864,-3300.366666666667,695.246345993137
WLR-187-F-YR2,2024-09-27 05:34:03,49.61345291137695,-101.78067779541016,2024-09-24 21:33:41,53.224846,-109.94864,-3360.366666666667,695.2191721013779
WLR-187-F-YR2,2024-09-27 06:34:03,49.61348342895508,-101.78076171875,2024-09-24 21:33:41,53.224846,-109.94864,-3420.366666666667,695.2123108810262
WLR-187-F-YR2,2024-09-27 07:33:29,49.61364364624024,-101.78095245361328,2024-09-24 21:33:41,53.224846,-109.94864,-3479.8,695.190438606987
WLR-187-F-YR2,2024-09-27 08:33:57,49.61367416381836,-101.7809066772461,2024-09-24 21:33:41,53.224846,-109.94864,-3540.266666666667,695.1909220017027
WLR-187-F-YR2,2024-09-27 09:34:11,49.61370849609375,-101.78101348876952,2024-09-24 21:33:41,53.224846,-109.94864,-3600.5,695.1825010743347
WLR-187-F-YR2,2024-09-27 10:33:26,49.61366271972656,-101.7809600830078,2024-09-24 21:33:41,53.224846,-109.94864,-3659.75,695.1886885551393
WLR-187-F-YR2,2024-09-27 11:33:57,49.61347961425781,-101.7807388305664,2024-09-24 21:33:41,53.224846,-109.94864,-3720.266666666667,695.2138705871513
WLR-187-F-YR2,2024-09-27 12:33:25,49.61406326293945,-101.7813491821289,2024-09-24 21:33:41,53.224846,-109.94864,-3779.733333333333,695.1389767815675
WLR-187-F-YR2,2024-09-27 13:34:11,49.61377716064453,-101.78121948242188,2024-09-24 21:33:41,53.224846,-109.94864,-3840.5,695.1660912734262
WLR-187-F-YR2,2024-09-27 14:33:57,49.6139030456543,-101.78115844726562,2024-09-24 21:33:41,53.224846,-109.94864,-3900.266666666667,695.1608487901092
WLR-187-F-YR2,2024-09-27 15:33:25,49.618438720703125,-101.78839874267578,2024-09-24 21:33:41,53.224846,-109.94864,-3959.733333333333,694.4374523345853
WLR-187-F-YR2,2024-09-27 16:34:14,49.618408203125,-101.78880310058594,2024-09-24 21:33:41,53.224846,-109.94864,-4020.55,694.4166612470361
WLR-187-F-YR2,2024-09-27 17:33:57,49.61842346191406,-101.78878021240234,2024-09-24 21:33:41,53.224846,-109.94864,-4080.266666666667,694.4169032721131
WLR-187-F-YR2,2024-09-27 18:34:03,49.61862564086914,-101.78887176513672,2024-09-24 21:33:41,53.224846,-109.94864,-4140.366666666667,694.3977511724399
WLR-187-F-YR2,2024-09-27 19:33:57,49.619327545166016,-101.78933715820312,2024-09-24 21:33:41,53.224846,-109.94864,-4200.266666666666,694.3229068718847
WLR-187-F-YR2,2024-09-27 20:33:51,49.61908721923828,-101.78897094726562,2024-09-24 21:33:41,53.224846,-109.94864,-4260.166666666667,694.3602479919306
WLR-187-F-YR2,2024-09-27 21:33:57,49.61941909790039,-101.7887954711914,2024-09-24 21:33:41,53.224846,-109.94864,-4320.266666666666,694.3472610113691
WLR-187-F-YR2,2024-09-27 22:33:27,49.61943054199219,-101.7886199951172,2024-09-24 21:33:41,53.224846,-109.94864,-4379.766666666666,694.3564087266055
WLR-187-F-YR2,2024-09-27 23:33:57,49.61948776245117,-101.78876495361328,2024-09-24 21:33:41,53.224846,-109.94864,-4440.266666666666,694.3442464755302
