duck_id,base_timestamp,forecast_day,forecast_timestamp,start_lat,start_lon,forecast_lat,forecast_lon
234497,2024-09-19 23:44:06,1,2024-09-20 23:44:06,46.456356048583984,-98.33416748046876,46.454219818115234,-98.3330307006836
234497,2024-09-19 23:44:06,2,2024-09-21 23:44:06,46.456356048583984,-98.33416748046876,46.45412826538086,-98.33317565917967
234497,2024-09-19 23:44:06,3,2024-09-22 23:44:06,46.456356048583984,-98.33416748046876,46.4542121887207,-98.3333511352539
234497,2024-09-19 23:44:06,4,2024-09-23 23:44:06,46.456356048583984,-98.33416748046876,46.45441436767578,-98.33354949951172
234497,2024-09-19 23:44:06,5,2024-09-24 23:44:06,46.456356048583984,-98.33416748046876,46.455204010009766,-98.33525848388672
234497,2024-09-19 23:44:06,6,2024-09-25 23:44:06,46.456356048583984,-98.33416748046876,46.45423889160156,-98.33446502685548
234497,2024-09-19 23:44:06,7,2024-09-26 23:44:06,46.456356048583984,-98.33416748046876,46.44873428344727,-98.3366928100586
234511,2024-09-19 23:48:07,1,2024-09-20 23:48:07,51.95267868041992,-105.47805786132812,51.95256423950195,-105.47898864746094
234511,2024-09-19 23:48:07,2,2024-09-21 23:48:07,51.95267868041992,-105.47805786132812,51.952613830566406,-105.47794342041016
234511,2024-09-19 23:48:07,3,2024-09-22 23:48:07,51.95267868041992,-105.47805786132812,51.95269012451172,-105.47908782958984
234511,2024-09-19 23:48:07,4,2024-09-23 23:48:07,51.95267868041992,-105.47805786132812,51.95264053344727,-105.47911834716795
234511,2024-09-19 23:48:07,5,2024-09-24 23:48:07,51.95267868041992,-105.47805786132812,51.95276641845703,-105.47892761230467
234511,2024-09-19 23:48:07,6,2024-09-25 23:48:07,51.95267868041992,-105.47805786132812,51.952667236328125,-105.47914123535156
234511,2024-09-19 23:48:07,7,2024-09-26 23:48:07,51.95267868041992,-105.47805786132812,51.95266342163086,-105.47798919677734
234512,2024-09-19 23:53:27,1,2024-09-20 23:53:27,50.571510314941406,-100.33033752441406,50.55961608886719,-100.31922912597656
234512,2024-09-19 23:53:27,2,2024-09-21 23:53:27,50.571510314941406,-100.33033752441406,50.55954360961914,-100.31922912597656
234512,2024-09-19 23:53:27,3,2024-09-22 23:53:27,50.571510314941406,-100.33033752441406,50.55949783325195,-100.3191909790039
234512,2024-09-19 23:53:27,4,2024-09-23 23:53:27,50.571510314941406,-100.33033752441406,50.55961227416992,-100.31915283203124
234512,2024-09-19 23:53:27,5,2024-09-24 23:53:27,50.571510314941406,-100.33033752441406,50.559600830078125,-100.31927490234376
234512,2024-09-19 23:53:27,6,2024-09-25 23:53:27,50.571510314941406,-100.33033752441406,50.55918884277344,-100.31980895996094
234512,2024-09-19 23:53:27,7,2024-09-26 23:53:27,50.571510314941406,-100.33033752441406,50.557247161865234,-100.33368682861328
234522,2024-09-19 23:19:41,1,2024-09-20 23:19:41,53.18312072753906,-108.7820281982422,53.18316268920898,-108.7820053100586
234522,2024-09-19 23:19:41,2,2024-09-21 23:19:41,53.18312072753906,-108.7820281982422,53.18316268920898,-108.78199768066406
234522,2024-09-19 23:19:41,3,2024-09-22 23:19:41,53.18312072753906,-108.7820281982422,53.182952880859375,-108.78263854980467
234522,2024-09-19 23:19:41,4,2024-09-23 23:19:41,53.18312072753906,-108.7820281982422,53.18313980102539,-108.78244018554688
234522,2024-09-19 23:19:41,5,2024-09-24 23:19:41,53.18312072753906,-108.7820281982422,53.1829719543457,-108.7826690673828
234522,2024-09-19 23:19:41,6,2024-09-25 23:19:41,53.18312072753906,-108.7820281982422,53.183135986328125,-108.78215026855467
234522,2024-09-19 23:19:41,7,2024-09-26 23:19:41,53.18312072753906,-108.7820281982422,53.183082580566406,-108.78199768066406
234531,2024-09-19 23:48:27,1,2024-09-20 23:48:27,45.9228630065918,-97.90711212158205,45.922794342041016,-97.90716552734376
234531,2024-09-19 23:48:27,2,2024-09-21 23:48:27,45.9228630065918,-97.90711212158205,45.92282485961914,-97.90721130371094
234531,2024-09-19 23:48:27,3,2024-09-22 23:48:27,45.9228630065918,-97.90711212158205,45.92285919189453,-97.9072265625
234531,2024-09-19 23:48:27,4,2024-09-23 23:48:27,45.9228630065918,-97.90711212158205,45.9228401184082,-97.90718841552734
234531,2024-09-19 23:48:27,5,2024-09-24 23:48:27,45.9228630065918,-97.90711212158205,45.92269134521485,-97.9073257446289
234531,2024-09-19 23:48:27,6,2024-09-25 23:48:27,45.9228630065918,-97.90711212158205,45.92282104492188,-97.90721893310548
234531,2024-09-19 23:48:27,7,2024-09-26 23:48:27,45.9228630065918,-97.90711212158205,45.92298889160156,-97.90718841552734
234537,2024-09-19 23:22:11,1,2024-09-20 23:22:11,46.60146713256836,-98.08821868896484,46.60149765014648,-98.08808135986328
234537,2024-09-19 23:22:11,2,2024-09-21 23:22:11,46.60146713256836,-98.08821868896484,46.60117721557617,-98.0878677368164
234537,2024-09-19 23:22:11,3,2024-09-22 23:22:11,46.60146713256836,-98.08821868896484,46.60184097290039,-98.08837890625
234537,2024-09-19 23:22:11,4,2024-09-23 23:22:11,46.60146713256836,-98.08821868896484,46.6016731262207,-98.0883331298828
234537,2024-09-19 23:22:11,5,2024-09-24 23:22:11,46.60146713256836,-98.08821868896484,46.60172653198242,-98.08832550048828
234537,2024-09-19 23:22:11,6,2024-09-25 23:22:11,46.60146713256836,-98.08821868896484,46.60167694091797,-98.08829498291016
234537,2024-09-19 23:22:11,7,2024-09-26 23:22:11,46.60146713256836,-98.08821868896484,46.60190200805664,-98.08815002441406
234541,2024-09-19 23:20:59,1,2024-09-20 23:20:59,51.14339828491211,-103.7222137451172,51.14351272583008,-103.72244262695312
234541,2024-09-19 23:20:59,2,2024-09-21 23:20:59,51.14339828491211,-103.7222137451172,51.14349365234375,-103.7223892211914
234541,2024-09-19 23:20:59,3,2024-09-22 23:20:59,51.14339828491211,-103.7222137451172,51.14312362670898,-103.72212982177734
234541,2024-09-19 23:20:59,4,2024-09-23 23:20:59,51.14339828491211,-103.7222137451172,51.14352416992188,-103.72225952148438
234541,2024-09-19 23:20:59,5,2024-09-24 23:20:59,51.14339828491211,-103.7222137451172,51.14350891113281,-103.72256469726562
234541,2024-09-19 23:20:59,6,2024-09-25 23:20:59,51.14339828491211,-103.7222137451172,51.1433219909668,-103.7223892211914
234541,2024-09-19 23:20:59,7,2024-09-26 23:20:59,51.14339828491211,-103.7222137451172,51.14347457885742,-103.72224426269533
234542,2024-09-19 23:56:14,1,2024-09-20 23:56:14,45.48298645019531,-98.31675720214844,45.4830436706543,-98.3168716430664
234542,2024-09-19 23:56:14,2,2024-09-21 23:56:14,45.48298645019531,-98.31675720214844,45.48292541503906,-98.31696319580078
234542,2024-09-19 23:56:14,3,2024-09-22 23:56:14,45.48298645019531,-98.31675720214844,45.48315048217773,-98.316650390625
234542,2024-09-19 23:56:14,4,2024-09-23 23:56:14,45.48298645019531,-98.31675720214844,45.48307800292969,-98.31658172607422
234542,2024-09-19 23:56:14,5,2024-09-24 23:56:14,45.48298645019531,-98.31675720214844,45.48310470581055,-98.31658172607422
234542,2024-09-19 23:56:14,6,2024-09-25 23:56:14,45.48298645019531,-98.31675720214844,45.48310089111328,-98.31651306152344
234542,2024-09-19 23:56:14,7,2024-09-26 23:56:14,45.48298645019531,-98.31675720214844,45.48327255249024,-98.31612396240234
234545,2024-09-19 23:24:10,1,2024-09-20 23:24:10,58.428524017333984,-111.85884857177734,58.4282341003418,-111.86052703857422
234545,2024-09-19 23:24:10,2,2024-09-21 23:24:10,58.428524017333984,-111.85884857177734,58.42799377441406,-111.86019897460938
234545,2024-09-19 23:24:10,3,2024-09-22 23:24:10,58.428524017333984,-111.85884857177734,58.42835998535156,-111.85803985595705
234545,2024-09-19 23:24:10,4,2024-09-23 23:24:10,58.428524017333984,-111.85884857177734,58.428977966308594,-111.85944366455078
234545,2024-09-19 23:24:10,5,2024-09-24 23:24:10,58.428524017333984,-111.85884857177734,58.428409576416016,-111.86038208007812
234545,2024-09-19 23:24:10,6,2024-09-25 23:24:10,58.428524017333984,-111.85884857177734,58.429237365722656,-111.85997009277344
234545,2024-09-19 23:24:10,7,2024-09-26 23:24:10,58.428524017333984,-111.85884857177734,58.42959213256836,-111.86006927490234
234547,2024-09-19 23:35:35,1,2024-09-20 23:35:35,50.19095230102539,-99.81314849853516,50.195499420166016,-99.81187438964844
234547,2024-09-19 23:35:35,2,2024-09-21 23:35:35,50.19095230102539,-99.81314849853516,50.19521713256836,-99.81178283691406
234547,2024-09-19 23:35:35,3,2024-09-22 23:35:35,50.19095230102539,-99.81314849853516,50.19694137573242,-99.81288146972656
234547,2024-09-19 23:35:35,4,2024-09-23 23:35:35,50.19095230102539,-99.81314849853516,50.19694900512695,-99.81285858154295
234547,2024-09-19 23:35:35,5,2024-09-24 23:35:35,50.19095230102539,-99.81314849853516,50.197113037109375,-99.8127212524414
234547,2024-09-19 23:35:35,6,2024-09-25 23:35:35,50.19095230102539,-99.81314849853516,50.19709777832031,-99.81290435791016
234547,2024-09-19 23:35:35,7,2024-09-26 23:35:35,50.19095230102539,-99.81314849853516,50.19697189331055,-99.8128890991211
234556,2024-09-19 23:34:43,1,2024-09-20 23:34:43,49.60894393920898,-101.78034973144533,49.60895538330078,-101.78025817871094
234556,2024-09-19 23:34:43,2,2024-09-21 23:34:43,49.60894393920898,-101.78034973144533,49.608917236328125,-101.78028106689452
234556,2024-09-19 23:34:43,3,2024-09-22 23:34:43,49.60894393920898,-101.78034973144533,49.60891342163086,-101.78028869628906
234556,2024-09-19 23:34:43,4,2024-09-23 23:34:43,49.60894393920898,-101.78034973144533,49.6088981628418,-101.78020477294922
234556,2024-09-19 23:34:43,5,2024-09-24 23:34:43,49.60894393920898,-101.78034973144533,49.60890197753906,-101.7801742553711
234556,2024-09-19 23:34:43,6,2024-09-25 23:34:43,49.60894393920898,-101.78034973144533,49.6089096069336,-101.78021240234376
234556,2024-09-19 23:34:43,7,2024-09-26 23:34:43,49.60894393920898,-101.78034973144533,49.60883331298828,-101.78038024902344
234564,2024-09-19 23:27:39,1,2024-09-20 23:27:39,52.792625427246094,-106.21003723144533,52.79205703735352,-106.2098617553711
234564,2024-09-19 23:27:39,2,2024-09-21 23:27:39,52.792625427246094,-106.21003723144533,52.79263305664063,-106.21245574951172
234564,2024-09-19 23:27:39,3,2024-09-22 23:27:39,52.792625427246094,-106.21003723144533,52.79248809814453,-106.20990753173828
234564,2024-09-19 23:27:39,4,2024-09-23 23:27:39,52.792625427246094,-106.21003723144533,52.79278945922852,-106.21420288085938
234564,2024-09-19 23:27:39,5,2024-09-24 23:27:39,52.792625427246094,-106.21003723144533,52.79256057739258,-106.21216583251952
234564,2024-09-19 23:27:39,6,2024-09-25 23:27:39,52.792625427246094,-106.21003723144533,52.79253768920898,-106.21215057373048
234564,2024-09-19 23:27:39,7,2024-09-26 23:27:39,52.792625427246094,-106.21003723144533,52.79281997680664,-106.2142562866211
234575,2024-09-19 23:41:04,1,2024-09-20 23:41:04,50.56093215942383,-101.8984375,50.55309295654297,-101.9078369140625
234575,2024-09-19 23:41:04,2,2024-09-21 23:41:04,50.56093215942383,-101.8984375,50.54880142211914,-101.90644073486328
234575,2024-09-19 23:41:04,3,2024-09-22 23:41:04,50.56093215942383,-101.8984375,50.5485725402832,-101.90631103515624
234575,2024-09-19 23:41:04,4,2024-09-23 23:41:04,50.56093215942383,-101.8984375,50.5488395690918,-101.90652465820312
234575,2024-09-19 23:41:04,5,2024-09-24 23:41:04,50.56093215942383,-101.8984375,50.55736923217773,-101.90227508544922
234575,2024-09-19 23:41:04,6,2024-09-25 23:41:04,50.56093215942383,-101.8984375,50.54841232299805,-101.90623474121094
234575,2024-09-19 23:41:04,7,2024-09-26 23:41:04,50.56093215942383,-101.8984375,50.54819488525391,-101.90603637695312
234591,2024-09-19 23:29:33,1,2024-09-20 23:29:33,48.66364288330078,-102.60735321044922,48.66557693481445,-102.60602569580078
234591,2024-09-19 23:29:33,2,2024-09-21 23:29:33,48.66364288330078,-102.60735321044922,48.66529083251953,-102.60515594482422
234591,2024-09-19 23:29:33,3,2024-09-22 23:29:33,48.66364288330078,-102.60735321044922,48.66547393798828,-102.60392761230467
234591,2024-09-19 23:29:33,4,2024-09-23 23:29:33,48.66364288330078,-102.60735321044922,48.6650619506836,-102.60457611083984
234591,2024-09-19 23:29:33,5,2024-09-24 23:29:33,48.66364288330078,-102.60735321044922,48.66362762451172,-102.60736846923828
234591,2024-09-19 23:29:33,6,2024-09-25 23:29:33,48.66364288330078,-102.60735321044922,48.66463470458984,-102.60310363769533
234591,2024-09-19 23:29:33,7,2024-09-26 23:29:33,48.66364288330078,-102.60735321044922,48.66462326049805,-102.60323333740234
226506,2024-09-19 23:05:05,1,2024-09-20 23:05:05,46.71079254150391,-99.1249008178711,46.7102165222168,-99.12376403808594
226506,2024-09-19 23:05:05,2,2024-09-21 23:05:05,46.71079254150391,-99.1249008178711,46.71068954467773,-99.12361145019533
226506,2024-09-19 23:05:05,3,2024-09-22 23:05:05,46.71079254150391,-99.1249008178711,46.71059036254883,-99.1240463256836
226506,2024-09-19 23:05:05,4,2024-09-23 23:05:05,46.71079254150391,-99.1249008178711,46.71043395996094,-99.12395477294922
226506,2024-09-19 23:05:05,5,2024-09-24 23:05:05,46.71079254150391,-99.1249008178711,46.71037292480469,-99.12393951416016
226506,2024-09-19 23:05:05,6,2024-09-25 23:05:05,46.71079254150391,-99.1249008178711,46.71007537841797,-99.123779296875
226506,2024-09-19 23:05:05,7,2024-09-26 23:05:05,46.71079254150391,-99.1249008178711,46.71036911010742,-99.1242904663086
226513,2024-09-19 23:04:14,1,2024-09-20 23:04:14,45.78470230102539,-96.92391967773438,45.78447723388672,-96.92398071289062
226513,2024-09-19 23:04:14,2,2024-09-21 23:04:14,45.78470230102539,-96.92391967773438,45.78468704223633,-96.92391967773438
226513,2024-09-19 23:04:14,3,2024-09-22 23:04:14,45.78470230102539,-96.92391967773438,45.78444290161133,-96.92413330078124
226513,2024-09-19 23:04:14,4,2024-09-23 23:04:14,45.78470230102539,-96.92391967773438,45.78456497192383,-96.92405700683594
226513,2024-09-19 23:04:14,5,2024-09-24 23:04:14,45.78470230102539,-96.92391967773438,45.78474807739258,-96.92366790771484
226513,2024-09-19 23:04:14,6,2024-09-25 23:04:14,45.78470230102539,-96.92391967773438,45.78483963012695,-96.92403411865234
226513,2024-09-19 23:04:14,7,2024-09-26 23:04:14,45.78470230102539,-96.92391967773438,45.784549713134766,-96.92377471923828
226514,2024-09-19 23:18:23,1,2024-09-20 23:18:23,53.55611038208008,-107.04813385009766,53.55525970458984,-107.0542221069336
226514,2024-09-19 23:18:23,2,2024-09-21 23:18:23,53.55611038208008,-107.04813385009766,53.55524444580078,-107.05418395996094
226514,2024-09-19 23:18:23,3,2024-09-22 23:18:23,53.55611038208008,-107.04813385009766,53.55524063110352,-107.05427551269533
226514,2024-09-19 23:18:23,4,2024-09-23 23:18:23,53.55611038208008,-107.04813385009766,53.55503845214844,-107.05418395996094
226514,2024-09-19 23:18:23,5,2024-09-24 23:18:23,53.55611038208008,-107.04813385009766,53.556114196777344,-107.04806518554688
226514,2024-09-19 23:18:23,6,2024-09-25 23:18:23,53.55611038208008,-107.04813385009766,53.55618667602539,-107.04793548583984
226514,2024-09-19 23:18:23,7,2024-09-26 23:18:23,53.55611038208008,-107.04813385009766,53.55619812011719,-107.04788970947266
226516,2024-09-19 10:35:07,1,2024-09-20 10:35:07,47.68828201293945,-99.17491912841795,47.68830871582031,-99.17498016357422
226516,2024-09-19 10:35:07,2,2024-09-21 10:35:07,47.68828201293945,-99.17491912841795,47.688255310058594,-99.1749038696289
226516,2024-09-19 10:35:07,3,2024-09-22 10:35:07,47.68828201293945,-99.17491912841795,47.68839645385742,-99.17505645751952
226516,2024-09-19 10:35:07,4,2024-09-23 10:35:07,47.68828201293945,-99.17491912841795,47.688255310058594,-99.1749038696289
226516,2024-09-19 10:35:07,5,2024-09-24 10:35:07,47.68828201293945,-99.17491912841795,47.68839645385742,-99.17505645751952
226516,2024-09-19 10:35:07,6,2024-09-25 10:35:07,47.68828201293945,-99.17491912841795,47.688255310058594,-99.1749038696289
226516,2024-09-19 10:35:07,7,2024-09-26 10:35:07,47.68828201293945,-99.17491912841795,47.68839645385742,-99.17505645751952
226517,2024-09-19 23:50:39,1,2024-09-20 23:50:39,50.4200439453125,-80.70050048828125,50.42028045654297,-80.70011901855469
226517,2024-09-19 23:50:39,2,2024-09-21 23:50:39,50.4200439453125,-80.70050048828125,50.422245025634766,-80.6991195678711
226517,2024-09-19 23:50:39,3,2024-09-22 23:50:39,50.4200439453125,-80.70050048828125,50.422584533691406,-80.69879913330078
226517,2024-09-19 23:50:39,4,2024-09-23 23:50:39,50.4200439453125,-80.70050048828125,50.42244338989258,-80.69892120361328
226517,2024-09-19 23:50:39,5,2024-09-24 23:50:39,50.4200439453125,-80.70050048828125,50.42237091064453,-80.69932556152344
226517,2024-09-19 23:50:39,6,2024-09-25 23:50:39,50.4200439453125,-80.70050048828125,50.42250061035156,-80.69920349121094
226517,2024-09-19 23:50:39,7,2024-09-26 23:50:39,50.4200439453125,-80.70050048828125,50.42243957519531,-80.69914245605469
226520,2024-09-19 23:14:35,1,2024-09-20 23:14:35,48.231422424316406,-101.79617309570312,48.22877502441406,-101.79788208007812
226520,2024-09-19 23:14:35,2,2024-09-21 23:14:35,48.231422424316406,-101.79617309570312,48.22896957397461,-101.79779052734376
226520,2024-09-19 23:14:35,3,2024-09-22 23:14:35,48.231422424316406,-101.79617309570312,48.22871780395508,-101.79806518554688
226520,2024-09-19 23:14:35,4,2024-09-23 23:14:35,48.231422424316406,-101.79617309570312,48.22875595092773,-101.79818725585938
226520,2024-09-19 23:14:35,5,2024-09-24 23:14:35,48.231422424316406,-101.79617309570312,48.22873306274414,-101.7981948852539
226520,2024-09-19 23:14:35,6,2024-09-25 23:14:35,48.231422424316406,-101.79617309570312,48.22869491577149,-101.7980499267578
226520,2024-09-19 23:14:35,7,2024-09-26 23:14:35,48.231422424316406,-101.79617309570312,48.228782653808594,-101.79801177978516
226521,2024-09-19 23:18:15,1,2024-09-20 23:18:15,36.073692321777344,-85.62386322021484,36.074100494384766,-85.62371826171875
226521,2024-09-19 23:18:15,2,2024-09-21 23:18:15,36.073692321777344,-85.62386322021484,36.07400894165039,-85.6239242553711
226521,2024-09-19 23:18:15,3,2024-09-22 23:18:15,36.073692321777344,-85.62386322021484,36.07364273071289,-85.62413024902344
226521,2024-09-19 23:18:15,4,2024-09-23 23:18:15,36.073692321777344,-85.62386322021484,36.07380294799805,-85.62396240234375
226521,2024-09-19 23:18:15,5,2024-09-24 23:18:15,36.073692321777344,-85.62386322021484,36.073974609375,-85.6238021850586
226521,2024-09-19 23:18:15,6,2024-09-25 23:18:15,36.073692321777344,-85.62386322021484,36.07368087768555,-85.62364196777344
226521,2024-09-19 23:18:15,7,2024-09-26 23:18:15,36.073692321777344,-85.62386322021484,36.073829650878906,-85.62352752685547
226524,2024-09-19 23:11:43,1,2024-09-20 23:11:43,50.27552032470703,-100.79898071289062,50.27488327026367,-100.79881286621094
226524,2024-09-19 23:11:43,2,2024-09-21 23:11:43,50.27552032470703,-100.79898071289062,50.27508163452149,-100.79843139648438
226524,2024-09-19 23:11:43,3,2024-09-22 23:11:43,50.27552032470703,-100.79898071289062,50.27528762817383,-100.79879760742188
226524,2024-09-19 23:11:43,4,2024-09-23 23:11:43,50.27552032470703,-100.79898071289062,50.27476119995117,-100.79840850830078
226524,2024-09-19 23:11:43,5,2024-09-24 23:11:43,50.27552032470703,-100.79898071289062,50.27532196044922,-100.79861450195312
226524,2024-09-19 23:11:43,6,2024-09-25 23:11:43,50.27552032470703,-100.79898071289062,50.27497482299805,-100.7984848022461
226524,2024-09-19 23:11:43,7,2024-09-26 23:11:43,50.27552032470703,-100.79898071289062,50.27480697631836,-100.7984390258789
226526,2024-09-19 23:58:11,1,2024-09-20 23:58:11,47.99468231201172,-98.41154479980467,47.99481964111328,-98.4117660522461
226526,2024-09-19 23:58:11,2,2024-09-21 23:58:11,47.99468231201172,-98.41154479980467,47.99520111083984,-98.4143524169922
226526,2024-09-19 23:58:11,3,2024-09-22 23:58:11,47.99468231201172,-98.41154479980467,47.99541091918945,-98.41387939453124
226526,2024-09-19 23:58:11,4,2024-09-23 23:58:11,47.99468231201172,-98.41154479980467,47.99556350708008,-98.41383361816406
226526,2024-09-19 23:58:11,5,2024-09-24 23:58:11,47.99468231201172,-98.41154479980467,47.99514389038086,-98.41413116455078
226526,2024-09-19 23:58:11,6,2024-09-25 23:58:11,47.99468231201172,-98.41154479980467,47.995262145996094,-98.41365051269533
226526,2024-09-19 23:58:11,7,2024-09-26 23:58:11,47.99468231201172,-98.41154479980467,47.99543762207031,-98.41410064697266
226527,2024-09-19 23:00:54,1,2024-09-20 23:00:54,48.23630142211914,-98.81548309326172,48.23627853393555,-98.81544494628906
226527,2024-09-19 23:00:54,2,2024-09-21 23:00:54,48.23630142211914,-98.81548309326172,48.23678588867188,-98.81544494628906
226527,2024-09-19 23:00:54,3,2024-09-22 23:00:54,48.23630142211914,-98.81548309326172,48.23639297485352,-98.8154067993164
226527,2024-09-19 23:00:54,4,2024-09-23 23:00:54,48.23630142211914,-98.81548309326172,48.236602783203125,-98.81529235839844
226527,2024-09-19 23:00:54,5,2024-09-24 23:00:54,48.23630142211914,-98.81548309326172,48.23624038696289,-98.81536865234376
226527,2024-09-19 23:00:54,6,2024-09-25 23:00:54,48.23630142211914,-98.81548309326172,48.23620223999024,-98.81531524658205
226527,2024-09-19 23:00:54,7,2024-09-26 23:00:54,48.23630142211914,-98.81548309326172,48.23618698120117,-98.81517028808594
226529,2024-09-19 23:00:31,1,2024-09-20 23:00:31,50.92941284179688,-101.3800277709961,50.92969131469727,-101.37979888916016
226529,2024-09-19 23:00:31,2,2024-09-21 23:00:31,50.92941284179688,-101.3800277709961,50.92924499511719,-101.3799057006836
226529,2024-09-19 23:00:31,3,2024-09-22 23:00:31,50.92941284179688,-101.3800277709961,50.92939758300781,-101.38011932373048
226529,2024-09-19 23:00:31,4,2024-09-23 23:00:31,50.92941284179688,-101.3800277709961,50.92936325073242,-101.3797836303711
226529,2024-09-19 23:00:31,5,2024-09-24 23:00:31,50.92941284179688,-101.3800277709961,50.929443359375,-101.37992095947266
226529,2024-09-19 23:00:31,6,2024-09-25 23:00:31,50.92941284179688,-101.3800277709961,50.9294548034668,-101.37994384765624
226529,2024-09-19 23:00:31,7,2024-09-26 23:00:31,50.92941284179688,-101.3800277709961,50.92916870117188,-101.3799285888672
226530,2024-09-19 23:45:13,1,2024-09-20 23:45:13,47.42709732055664,-100.03833770751952,47.42753219604492,-100.03639221191406
226530,2024-09-19 23:45:13,2,2024-09-21 23:45:13,47.42709732055664,-100.03833770751952,47.42743682861328,-100.03630065917967
226530,2024-09-19 23:45:13,3,2024-09-22 23:45:13,47.42709732055664,-100.03833770751952,47.42719268798828,-100.0362777709961
226530,2024-09-19 23:45:13,4,2024-09-23 23:45:13,47.42709732055664,-100.03833770751952,47.42741012573242,-100.03614807128906
226530,2024-09-19 23:45:13,5,2024-09-24 23:45:13,47.42709732055664,-100.03833770751952,47.42710876464844,-100.03616333007812
226530,2024-09-19 23:45:13,6,2024-09-25 23:45:13,47.42709732055664,-100.03833770751952,47.42680740356445,-100.03722381591795
226530,2024-09-19 23:45:13,7,2024-09-26 23:45:13,47.42709732055664,-100.03833770751952,47.42753982543945,-100.03843688964844
226532,2024-09-19 23:29:14,1,2024-09-20 23:29:14,47.46513366699219,-100.47734832763672,47.46505737304688,-100.47728729248048
226532,2024-09-19 23:29:14,2,2024-09-21 23:29:14,47.46513366699219,-100.47734832763672,47.46561050415039,-100.47745513916016
226532,2024-09-19 23:29:14,3,2024-09-22 23:29:14,47.46513366699219,-100.47734832763672,47.46547317504883,-100.4774169921875
226532,2024-09-19 23:29:14,4,2024-09-23 23:29:14,47.46513366699219,-100.47734832763672,47.46546936035156,-100.47738647460938
226532,2024-09-19 23:29:14,5,2024-09-24 23:29:14,47.46513366699219,-100.47734832763672,47.46538925170898,-100.47727966308594
226532,2024-09-19 23:29:14,6,2024-09-25 23:29:14,47.46513366699219,-100.47734832763672,47.46534729003906,-100.47712707519533
226532,2024-09-19 23:29:14,7,2024-09-26 23:29:14,47.46513366699219,-100.47734832763672,47.46523284912109,-100.47744750976562
226534,2024-09-19 23:26:28,1,2024-09-20 23:26:28,54.33621597290039,-110.27091217041016,54.33622360229492,-110.27092742919922
226534,2024-09-19 23:26:28,2,2024-09-21 23:26:28,54.33621597290039,-110.27091217041016,54.33609390258789,-110.2705307006836
226534,2024-09-19 23:26:28,3,2024-09-22 23:26:28,54.33621597290039,-110.27091217041016,54.333641052246094,-110.27263641357422
226534,2024-09-19 23:26:28,4,2024-09-23 23:26:28,54.33621597290039,-110.27091217041016,54.33403015136719,-110.27286529541016
226534,2024-09-19 23:26:28,5,2024-09-24 23:26:28,54.33621597290039,-110.27091217041016,54.33236312866211,-110.27232360839844
226534,2024-09-19 23:26:28,6,2024-09-25 23:26:28,54.33621597290039,-110.27091217041016,54.33232498168945,-110.27253723144533
226534,2024-09-19 23:26:28,7,2024-09-26 23:26:28,54.33621597290039,-110.27091217041016,54.33087158203125,-110.27198791503906
226540,2024-09-19 23:02:41,1,2024-09-20 23:02:41,47.25715255737305,-100.4583740234375,47.26067733764648,-100.4677505493164
226540,2024-09-19 23:02:41,2,2024-09-21 23:02:41,47.25715255737305,-100.4583740234375,47.26049423217773,-100.46773529052734
226540,2024-09-19 23:02:41,3,2024-09-22 23:02:41,47.25715255737305,-100.4583740234375,47.26029586791992,-100.46758270263672
226540,2024-09-19 23:02:41,4,2024-09-23 23:02:41,47.25715255737305,-100.4583740234375,47.260887145996094,-100.46790313720705
226540,2024-09-19 23:02:41,5,2024-09-24 23:02:41,47.25715255737305,-100.4583740234375,47.26083755493164,-100.46785736083984
226540,2024-09-19 23:02:41,6,2024-09-25 23:02:41,47.25715255737305,-100.4583740234375,47.26033020019531,-100.46763610839844
226540,2024-09-19 23:02:41,7,2024-09-26 23:02:41,47.25715255737305,-100.4583740234375,47.26208114624024,-100.4660186767578
226543,2024-09-19 23:26:23,1,2024-09-20 23:26:23,46.00332260131836,-93.2344207763672,46.0034294128418,-93.23439025878906
226543,2024-09-19 23:26:23,2,2024-09-21 23:26:23,46.00332260131836,-93.2344207763672,46.004207611083984,-93.2361831665039
226543,2024-09-19 23:26:23,3,2024-09-22 23:26:23,46.00332260131836,-93.2344207763672,46.004024505615234,-93.23680114746094
226543,2024-09-19 23:26:23,4,2024-09-23 23:26:23,46.00332260131836,-93.2344207763672,46.0036735534668,-93.23465728759766
226543,2024-09-19 23:26:23,5,2024-09-24 23:26:23,46.00332260131836,-93.2344207763672,46.00362014770508,-93.23675537109376
226543,2024-09-19 23:26:23,6,2024-09-25 23:26:23,46.00332260131836,-93.2344207763672,46.003883361816406,-93.23544311523438
226543,2024-09-19 23:26:23,7,2024-09-26 23:26:23,46.00332260131836,-93.2344207763672,46.00364303588867,-93.23594665527344
226549,2024-09-19 23:25:11,1,2024-09-20 23:25:11,45.36455535888672,-92.46796417236328,45.36426544189453,-92.46735382080078
226549,2024-09-19 23:25:11,2,2024-09-21 23:25:11,45.36455535888672,-92.46796417236328,45.36467361450195,-92.4673843383789
226549,2024-09-19 23:25:11,3,2024-09-22 23:25:11,45.36455535888672,-92.46796417236328,45.36427307128906,-92.46778869628906
226549,2024-09-19 23:25:11,4,2024-09-23 23:25:11,45.36455535888672,-92.46796417236328,45.36477279663086,-92.4675521850586
226549,2024-09-19 23:25:11,5,2024-09-24 23:25:11,45.36455535888672,-92.46796417236328,45.36483383178711,-92.46761322021484
226549,2024-09-19 23:25:11,6,2024-09-25 23:25:11,45.36455535888672,-92.46796417236328,45.36476135253906,-92.46784973144533
226549,2024-09-19 23:25:11,7,2024-09-26 23:25:11,45.36455535888672,-92.46796417236328,45.36481475830078,-92.46755981445312
236791,2024-09-19 23:55:39,1,2024-09-20 23:55:39,47.48800277709961,-99.46089935302734,47.4970703125,-99.46732330322266
236791,2024-09-19 23:55:39,2,2024-09-21 23:55:39,47.48800277709961,-99.46089935302734,47.4975700378418,-99.4678192138672
236791,2024-09-19 23:55:39,3,2024-09-22 23:55:39,47.48800277709961,-99.46089935302734,47.49760437011719,-99.467529296875
236791,2024-09-19 23:55:39,4,2024-09-23 23:55:39,47.48800277709961,-99.46089935302734,47.49666976928711,-99.46778869628906
236791,2024-09-19 23:55:39,5,2024-09-24 23:55:39,47.48800277709961,-99.46089935302734,47.49764633178711,-99.46831512451172
236791,2024-09-19 23:55:39,6,2024-09-25 23:55:39,47.48800277709961,-99.46089935302734,47.49763488769531,-99.4677963256836
236791,2024-09-19 23:55:39,7,2024-09-26 23:55:39,47.48800277709961,-99.46089935302734,47.497291564941406,-99.46756744384766
236792,2024-09-19 23:21:05,1,2024-09-20 23:21:05,44.86189270019531,-93.19295501708984,44.86191177368164,-93.1929702758789
236792,2024-09-19 23:21:05,2,2024-09-21 23:21:05,44.86189270019531,-93.19295501708984,44.861934661865234,-93.1929931640625
236792,2024-09-19 23:21:05,3,2024-09-22 23:21:05,44.86189270019531,-93.19295501708984,44.86182403564453,-93.19269561767578
236792,2024-09-19 23:21:05,4,2024-09-23 23:21:05,44.86189270019531,-93.19295501708984,44.86205291748047,-93.19290161132812
236792,2024-09-19 23:21:05,5,2024-09-24 23:21:05,44.86189270019531,-93.19295501708984,44.86188507080078,-93.19298553466795
236792,2024-09-19 23:21:05,6,2024-09-25 23:21:05,44.86189270019531,-93.19295501708984,44.86200714111328,-93.19197845458984
236792,2024-09-19 23:21:05,7,2024-09-26 23:21:05,44.86189270019531,-93.19295501708984,44.86202239990234,-93.19266510009766
236794,2024-09-19 23:08:21,1,2024-09-20 23:08:21,48.88343811035156,-103.29957580566406,48.88483047485352,-103.30076599121094
236794,2024-09-19 23:08:21,2,2024-09-21 23:08:21,48.88343811035156,-103.29957580566406,48.87123107910156,-103.29244995117188
236794,2024-09-19 23:08:21,3,2024-09-22 23:08:21,48.88343811035156,-103.29957580566406,48.8714599609375,-103.29280090332033
236794,2024-09-19 23:08:21,4,2024-09-23 23:08:21,48.88343811035156,-103.29957580566406,48.871578216552734,-103.292724609375
236794,2024-09-19 23:08:21,5,2024-09-24 23:08:21,48.88343811035156,-103.29957580566406,48.87150573730469,-103.29291534423828
236794,2024-09-19 23:08:21,6,2024-09-25 23:08:21,48.88343811035156,-103.29957580566406,48.881980895996094,-103.29215240478516
236794,2024-09-19 23:08:21,7,2024-09-26 23:08:21,48.88343811035156,-103.29957580566406,48.88489532470703,-103.30021667480467
226554,2024-09-19 22:51:16,1,2024-09-20 22:51:16,44.232791900634766,-88.3592758178711,44.21237182617188,-88.38199615478516
226554,2024-09-19 22:51:16,2,2024-09-21 22:51:16,44.232791900634766,-88.3592758178711,44.21357345581055,-88.38400268554688
226554,2024-09-19 22:51:16,3,2024-09-22 22:51:16,44.232791900634766,-88.3592758178711,44.21331024169922,-88.38387298583984
226554,2024-09-19 22:51:16,4,2024-09-23 22:51:16,44.232791900634766,-88.3592758178711,44.213497161865234,-88.38349914550781
226554,2024-09-19 22:51:16,5,2024-09-24 22:51:16,44.232791900634766,-88.3592758178711,44.21269989013672,-88.38230895996094
226554,2024-09-19 22:51:16,6,2024-09-25 22:51:16,44.232791900634766,-88.3592758178711,44.23295211791992,-88.35942840576172
226554,2024-09-19 22:51:16,7,2024-09-26 22:51:16,44.232791900634766,-88.3592758178711,44.23334503173828,-88.3597640991211
236799,2024-09-19 23:05:44,1,2024-09-20 23:05:44,57.43058776855469,-104.74786376953124,57.43068313598633,-104.7478485107422
236799,2024-09-19 23:05:44,2,2024-09-21 23:05:44,57.43058776855469,-104.74786376953124,57.43025588989258,-104.74858856201172
236799,2024-09-19 23:05:44,3,2024-09-22 23:05:44,57.43058776855469,-104.74786376953124,57.430206298828125,-104.74878692626952
236799,2024-09-19 23:05:44,4,2024-09-23 23:05:44,57.43058776855469,-104.74786376953124,57.43037796020508,-104.74861907958984
236799,2024-09-19 23:05:44,5,2024-09-24 23:05:44,57.43058776855469,-104.74786376953124,57.43014144897461,-104.74893951416016
236799,2024-09-19 23:05:44,6,2024-09-25 23:05:44,57.43058776855469,-104.74786376953124,57.430057525634766,-104.74832916259766
236799,2024-09-19 23:05:44,7,2024-09-26 23:05:44,57.43058776855469,-104.74786376953124,57.429935455322266,-104.74779510498048
236800,2024-09-19 23:35:15,1,2024-09-20 23:35:15,58.76958847045898,-111.80607604980467,58.76960372924805,-111.80555725097656
236800,2024-09-19 23:35:15,2,2024-09-21 23:35:15,58.76958847045898,-111.80607604980467,58.76958084106445,-111.80619049072266
236800,2024-09-19 23:35:15,3,2024-09-22 23:35:15,58.76958847045898,-111.80607604980467,58.76939392089844,-111.80597686767578
236800,2024-09-19 23:35:15,4,2024-09-23 23:35:15,58.76958847045898,-111.80607604980467,58.76946258544922,-111.80631256103516
236800,2024-09-19 23:35:15,5,2024-09-24 23:35:15,58.76958847045898,-111.80607604980467,58.76945877075195,-111.80612182617188
236800,2024-09-19 23:35:15,6,2024-09-25 23:35:15,58.76958847045898,-111.80607604980467,58.76955795288086,-111.80648803710938
236800,2024-09-19 23:35:15,7,2024-09-26 23:35:15,58.76958847045898,-111.80607604980467,58.76951599121094,-111.80601501464844
236802,2024-09-19 23:56:49,1,2024-09-20 23:56:49,51.127685546875,-104.11420440673828,51.127288818359375,-104.1140594482422
236802,2024-09-19 23:56:49,2,2024-09-21 23:56:49,51.127685546875,-104.11420440673828,51.127532958984375,-104.11421966552734
236802,2024-09-19 23:56:49,3,2024-09-22 23:56:49,51.127685546875,-104.11420440673828,51.13057327270508,-104.10936737060548
236802,2024-09-19 23:56:49,4,2024-09-23 23:56:49,51.127685546875,-104.11420440673828,51.13054656982422,-104.10934448242188
236802,2024-09-19 23:56:49,5,2024-09-24 23:56:49,51.127685546875,-104.11420440673828,51.13050842285156,-104.10936737060548
236802,2024-09-19 23:56:49,6,2024-09-25 23:56:49,51.127685546875,-104.11420440673828,51.13070297241211,-104.10926055908205
236802,2024-09-19 23:56:49,7,2024-09-26 23:56:49,51.127685546875,-104.11420440673828,51.1305046081543,-104.10918426513672
236803,2024-09-19 23:58:04,1,2024-09-20 23:58:04,52.62413024902344,-104.96638488769533,52.6232795715332,-104.96732330322266
236803,2024-09-19 23:58:04,2,2024-09-21 23:58:04,52.62413024902344,-104.96638488769533,52.62350845336914,-104.967529296875
236803,2024-09-19 23:58:04,3,2024-09-22 23:58:04,52.62413024902344,-104.96638488769533,52.62336730957031,-104.96749877929688
236803,2024-09-19 23:58:04,4,2024-09-23 23:58:04,52.62413024902344,-104.96638488769533,52.623531341552734,-104.96759796142578
236803,2024-09-19 23:58:04,5,2024-09-24 23:58:04,52.62413024902344,-104.96638488769533,52.62361145019531,-104.96749114990234
236803,2024-09-19 23:58:04,6,2024-09-25 23:58:04,52.62413024902344,-104.96638488769533,52.62367630004883,-104.96783447265624
236803,2024-09-19 23:58:04,7,2024-09-26 23:58:04,52.62413024902344,-104.96638488769533,52.62394714355469,-104.96609497070312
226568,2024-09-19 23:47:31,1,2024-09-20 23:47:31,51.09389114379883,-103.65486907958984,51.093055725097656,-103.6559829711914
226568,2024-09-19 23:47:31,2,2024-09-21 23:47:31,51.09389114379883,-103.65486907958984,51.093746185302734,-103.65401458740234
226568,2024-09-19 23:47:31,3,2024-09-22 23:47:31,51.09389114379883,-103.65486907958984,51.09393310546875,-103.65469360351562
226568,2024-09-19 23:47:31,4,2024-09-23 23:47:31,51.09389114379883,-103.65486907958984,51.09336471557617,-103.65508270263672
226568,2024-09-19 23:47:31,5,2024-09-24 23:47:31,51.09389114379883,-103.65486907958984,51.09369659423828,-103.65489196777344
226568,2024-09-19 23:47:31,6,2024-09-25 23:47:31,51.09389114379883,-103.65486907958984,51.09411239624024,-103.6553726196289
226568,2024-09-19 23:47:31,7,2024-09-26 23:47:31,51.09389114379883,-103.65486907958984,51.09323501586914,-103.65445709228516
236811,2024-09-19 23:35:23,1,2024-09-20 23:35:23,48.24087905883789,-98.9322509765625,48.23442459106445,-98.905517578125
236811,2024-09-19 23:35:23,2,2024-09-21 23:35:23,48.24087905883789,-98.9322509765625,48.23462677001953,-98.90545654296876
236811,2024-09-19 23:35:23,3,2024-09-22 23:35:23,48.24087905883789,-98.9322509765625,48.23875045776367,-98.9126968383789
236811,2024-09-19 23:35:23,4,2024-09-23 23:35:23,48.24087905883789,-98.9322509765625,48.23858642578125,-98.91350555419922
236811,2024-09-19 23:35:23,5,2024-09-24 23:35:23,48.24087905883789,-98.9322509765625,48.23921585083008,-98.91378784179688
236811,2024-09-19 23:35:23,6,2024-09-25 23:35:23,48.24087905883789,-98.9322509765625,48.23912048339844,-98.9138641357422
236811,2024-09-19 23:35:23,7,2024-09-26 23:35:23,48.24087905883789,-98.9322509765625,48.2391242980957,-98.91387939453124
236812,2024-09-19 23:13:59,1,2024-09-20 23:13:59,50.84139251708984,-108.4606704711914,50.84093475341797,-108.4609146118164
236812,2024-09-19 23:13:59,2,2024-09-21 23:13:59,50.84139251708984,-108.4606704711914,50.84117126464844,-108.46056365966795
236812,2024-09-19 23:13:59,3,2024-09-22 23:13:59,50.84139251708984,-108.4606704711914,50.82409286499024,-108.45957946777344
236812,2024-09-19 23:13:59,4,2024-09-23 23:13:59,50.84139251708984,-108.4606704711914,50.82415771484375,-108.45941162109376
236812,2024-09-19 23:13:59,5,2024-09-24 23:13:59,50.84139251708984,-108.4606704711914,50.82527923583984,-108.46054077148438
236812,2024-09-19 23:13:59,6,2024-09-25 23:13:59,50.84139251708984,-108.4606704711914,50.82362747192383,-108.45911407470705
236812,2024-09-19 23:13:59,7,2024-09-26 23:13:59,50.84139251708984,-108.4606704711914,50.8227424621582,-108.45704650878906
236816,2024-09-19 23:09:32,1,2024-09-20 23:09:32,45.11022567749024,-98.71034240722656,45.1108627319336,-98.71055603027344
236816,2024-09-19 23:09:32,2,2024-09-21 23:09:32,45.11022567749024,-98.71034240722656,45.11054611206055,-98.71060943603516
236816,2024-09-19 23:09:32,3,2024-09-22 23:09:32,45.11022567749024,-98.71034240722656,45.11029815673828,-98.71031188964844
236816,2024-09-19 23:09:32,4,2024-09-23 23:09:32,45.11022567749024,-98.71034240722656,45.11051559448242,-98.71106719970705
236816,2024-09-19 23:09:32,5,2024-09-24 23:09:32,45.11022567749024,-98.71034240722656,45.11063003540039,-98.71007537841795
236816,2024-09-19 23:09:32,6,2024-09-25 23:09:32,45.11022567749024,-98.71034240722656,45.11029052734375,-98.71065521240234
236816,2024-09-19 23:09:32,7,2024-09-26 23:09:32,45.11022567749024,-98.71034240722656,45.11030197143555,-98.7110824584961
236818,2024-09-19 23:02:07,1,2024-09-20 23:02:07,53.88434600830078,-98.03733825683594,53.883766174316406,-98.03849029541016
236818,2024-09-19 23:02:07,2,2024-09-21 23:02:07,53.88434600830078,-98.03733825683594,53.88374710083008,-98.03829956054688
236818,2024-09-19 23:02:07,3,2024-09-22 23:02:07,53.88434600830078,-98.03733825683594,53.8835334777832,-98.0382308959961
236818,2024-09-19 23:02:07,4,2024-09-23 23:02:07,53.88434600830078,-98.03733825683594,53.88361358642578,-98.03849029541016
236818,2024-09-19 23:02:07,5,2024-09-24 23:02:07,53.88434600830078,-98.03733825683594,53.883548736572266,-98.03804779052734
236818,2024-09-19 23:02:07,6,2024-09-25 23:02:07,53.88434600830078,-98.03733825683594,53.8840446472168,-98.0384750366211
236818,2024-09-19 23:02:07,7,2024-09-26 23:02:07,53.88434600830078,-98.03733825683594,53.88397979736328,-98.03839111328124
236820,2024-09-19 23:52:38,1,2024-09-20 23:52:38,47.04866790771485,-99.12957000732422,47.04866790771485,-99.12933349609376
236820,2024-09-19 23:52:38,2,2024-09-21 23:52:38,47.04866790771485,-99.12957000732422,47.04841995239258,-99.12911987304688
236820,2024-09-19 23:52:38,3,2024-09-22 23:52:38,47.04866790771485,-99.12957000732422,47.04863357543945,-99.12936401367188
236820,2024-09-19 23:52:38,4,2024-09-23 23:52:38,47.04866790771485,-99.12957000732422,47.048709869384766,-99.12945556640624
236820,2024-09-19 23:52:38,5,2024-09-24 23:52:38,47.04866790771485,-99.12957000732422,47.04865646362305,-99.1292724609375
236820,2024-09-19 23:52:38,6,2024-09-25 23:52:38,47.04866790771485,-99.12957000732422,47.04855346679688,-99.12938690185548
236820,2024-09-19 23:52:38,7,2024-09-26 23:52:38,47.04866790771485,-99.12957000732422,47.048675537109375,-99.12958526611328
226582,2024-09-19 23:41:02,1,2024-09-20 23:41:02,52.90340042114258,-107.70494079589844,52.903316497802734,-107.70448303222656
226582,2024-09-19 23:41:02,2,2024-09-21 23:41:02,52.90340042114258,-107.70494079589844,52.90334701538086,-107.7047882080078
226582,2024-09-19 23:41:02,3,2024-09-22 23:41:02,52.90340042114258,-107.70494079589844,52.90366363525391,-107.70467376708984
226582,2024-09-19 23:41:02,4,2024-09-23 23:41:02,52.90340042114258,-107.70494079589844,52.90353393554688,-107.70491027832033
226582,2024-09-19 23:41:02,5,2024-09-24 23:41:02,52.90340042114258,-107.70494079589844,52.90378952026367,-107.704833984375
226582,2024-09-19 23:41:02,6,2024-09-25 23:41:02,52.90340042114258,-107.70494079589844,52.90370178222656,-107.7050323486328
226582,2024-09-19 23:41:02,7,2024-09-26 23:41:02,52.90340042114258,-107.70494079589844,52.90379333496094,-107.70479583740234
236826,2024-09-19 23:21:49,1,2024-09-20 23:21:49,66.00033569335938,-123.1929931640625,66.0001449584961,-123.19307708740234
236826,2024-09-19 23:21:49,2,2024-09-21 23:21:49,66.00033569335938,-123.1929931640625,66.0002212524414,-123.1932601928711
236826,2024-09-19 23:21:49,3,2024-09-22 23:21:49,66.00033569335938,-123.1929931640625,66.00025939941406,-123.19365692138672
236826,2024-09-19 23:21:49,4,2024-09-23 23:21:49,66.00033569335938,-123.1929931640625,66.0003890991211,-123.19356536865234
236826,2024-09-19 23:21:49,5,2024-09-24 23:21:49,66.00033569335938,-123.1929931640625,66.00039672851562,-123.19351959228516
236826,2024-09-19 23:21:49,6,2024-09-25 23:21:49,66.00033569335938,-123.1929931640625,66.00041961669922,-123.1931381225586
236826,2024-09-19 23:21:49,7,2024-09-26 23:21:49,66.00033569335938,-123.1929931640625,66.00006866455078,-123.19316864013672
236830,2024-09-19 23:23:14,1,2024-09-20 23:23:14,47.20487976074219,-99.59722900390624,47.20643997192383,-99.5977020263672
236830,2024-09-19 23:23:14,2,2024-09-21 23:23:14,47.20487976074219,-99.59722900390624,47.20643615722656,-99.5977020263672
236830,2024-09-19 23:23:14,3,2024-09-22 23:23:14,47.20487976074219,-99.59722900390624,47.20646667480469,-99.5972900390625
236830,2024-09-19 23:23:14,4,2024-09-23 23:23:14,47.20487976074219,-99.59722900390624,47.20498275756836,-99.59716796875
236830,2024-09-19 23:23:14,5,2024-09-24 23:23:14,47.20487976074219,-99.59722900390624,47.20646286010742,-99.59825897216795
236830,2024-09-19 23:23:14,6,2024-09-25 23:23:14,47.20487976074219,-99.59722900390624,47.20652770996094,-99.59797668457033
236830,2024-09-19 23:23:14,7,2024-09-26 23:23:14,47.20487976074219,-99.59722900390624,47.206661224365234,-99.59817504882812
236832,2024-09-19 23:34:35,1,2024-09-20 23:34:35,48.395599365234375,-95.92083740234376,48.39600372314453,-95.92084503173828
236832,2024-09-19 23:34:35,2,2024-09-21 23:34:35,48.395599365234375,-95.92083740234376,48.39594650268555,-95.92095947265624
236832,2024-09-19 23:34:35,3,2024-09-22 23:34:35,48.395599365234375,-95.92083740234376,48.39601516723633,-95.92108154296876
236832,2024-09-19 23:34:35,4,2024-09-23 23:34:35,48.395599365234375,-95.92083740234376,48.39567947387695,-95.9210968017578
236832,2024-09-19 23:34:35,5,2024-09-24 23:34:35,48.395599365234375,-95.92083740234376,48.39602279663086,-95.9208984375
236832,2024-09-19 23:34:35,6,2024-09-25 23:34:35,48.395599365234375,-95.92083740234376,48.39567947387695,-95.92186737060548
236832,2024-09-19 23:34:35,7,2024-09-26 23:34:35,48.395599365234375,-95.92083740234376,48.39895248413086,-95.93621826171876
236834,2024-09-19 23:01:36,1,2024-09-20 23:01:36,50.54770278930664,-100.43425750732422,50.53994369506836,-100.42588806152344
236834,2024-09-19 23:01:36,2,2024-09-21 23:01:36,50.54770278930664,-100.43425750732422,50.54012680053711,-100.42594909667967
236834,2024-09-19 23:01:36,3,2024-09-22 23:01:36,50.54770278930664,-100.43425750732422,50.539886474609375,-100.42591094970705
236834,2024-09-19 23:01:36,4,2024-09-23 23:01:36,50.54770278930664,-100.43425750732422,50.5399284362793,-100.4258270263672
236834,2024-09-19 23:01:36,5,2024-09-24 23:01:36,50.54770278930664,-100.43425750732422,50.539981842041016,-100.42618560791016
236834,2024-09-19 23:01:36,6,2024-09-25 23:01:36,50.54770278930664,-100.43425750732422,50.53499221801758,-100.44378662109376
236834,2024-09-19 23:01:36,7,2024-09-26 23:01:36,50.54770278930664,-100.43425750732422,50.534912109375,-100.4439697265625
236837,2024-09-19 23:10:40,1,2024-09-20 23:10:40,46.419525146484375,-94.17127990722656,46.4195556640625,-94.17144012451172
236837,2024-09-19 23:10:40,2,2024-09-21 23:10:40,46.419525146484375,-94.17127990722656,46.42023468017578,-94.17279052734376
236837,2024-09-19 23:10:40,3,2024-09-22 23:10:40,46.419525146484375,-94.17127990722656,46.42018127441406,-94.17269134521484
236837,2024-09-19 23:10:40,4,2024-09-23 23:10:40,46.419525146484375,-94.17127990722656,46.42030334472656,-94.17346954345705
236837,2024-09-19 23:10:40,5,2024-09-24 23:10:40,46.419525146484375,-94.17127990722656,46.42041778564453,-94.17408752441406
236837,2024-09-19 23:10:40,6,2024-09-25 23:10:40,46.419525146484375,-94.17127990722656,46.41996765136719,-94.1724090576172
236837,2024-09-19 23:10:40,7,2024-09-26 23:10:40,46.419525146484375,-94.17127990722656,46.42021179199219,-94.17343139648438
236841,2024-09-19 23:16:15,1,2024-09-20 23:16:15,48.93739318847656,-99.33968353271484,48.9368782043457,-99.33976745605467
236841,2024-09-19 23:16:15,2,2024-09-21 23:16:15,48.93739318847656,-99.33968353271484,48.93740463256836,-99.3391571044922
236841,2024-09-19 23:16:15,3,2024-09-22 23:16:15,48.93739318847656,-99.33968353271484,48.93693542480469,-99.33941650390624
236841,2024-09-19 23:16:15,4,2024-09-23 23:16:15,48.93739318847656,-99.33968353271484,48.93709945678711,-99.34009552001952
236841,2024-09-19 23:16:15,5,2024-09-24 23:16:15,48.93739318847656,-99.33968353271484,48.93727493286133,-99.3399658203125
236841,2024-09-19 23:16:15,6,2024-09-25 23:16:15,48.93739318847656,-99.33968353271484,48.93621063232422,-99.33854675292967
236841,2024-09-19 23:16:15,7,2024-09-26 23:16:15,48.93739318847656,-99.33968353271484,48.93544769287109,-99.33838653564452
236843,2024-09-19 23:39:17,1,2024-09-20 23:39:17,47.41372299194336,-95.70997619628906,47.41371536254883,-95.71009826660156
236843,2024-09-19 23:39:17,2,2024-09-21 23:39:17,47.41372299194336,-95.70997619628906,47.41399765014648,-95.71036529541016
236843,2024-09-19 23:39:17,3,2024-09-22 23:39:17,47.41372299194336,-95.70997619628906,47.414794921875,-95.71038818359376
236843,2024-09-19 23:39:17,4,2024-09-23 23:39:17,47.41372299194336,-95.70997619628906,47.41396713256836,-95.7102279663086
236843,2024-09-19 23:39:17,5,2024-09-24 23:39:17,47.41372299194336,-95.70997619628906,47.4137077331543,-95.71021270751952
236843,2024-09-19 23:39:17,6,2024-09-25 23:39:17,47.41372299194336,-95.70997619628906,47.41344833374024,-95.70999908447266
236843,2024-09-19 23:39:17,7,2024-09-26 23:39:17,47.41372299194336,-95.70997619628906,47.41379928588867,-95.7103500366211
236844,2024-09-19 23:11:33,1,2024-09-20 23:11:33,48.48832702636719,-99.15930938720705,48.489166259765625,-99.16018676757812
236844,2024-09-19 23:11:33,2,2024-09-21 23:11:33,48.48832702636719,-99.15930938720705,48.48887634277344,-99.1597671508789
236844,2024-09-19 23:11:33,3,2024-09-22 23:11:33,48.48832702636719,-99.15930938720705,48.489356994628906,-99.15998077392578
236844,2024-09-19 23:11:33,4,2024-09-23 23:11:33,48.48832702636719,-99.15930938720705,48.48982238769531,-99.1604995727539
236844,2024-09-19 23:11:33,5,2024-09-24 23:11:33,48.48832702636719,-99.15930938720705,48.48993682861328,-99.16060638427734
236844,2024-09-19 23:11:33,6,2024-09-25 23:11:33,48.48832702636719,-99.15930938720705,48.490020751953125,-99.16034698486328
236844,2024-09-19 23:11:33,7,2024-09-26 23:11:33,48.48832702636719,-99.15930938720705,48.49018478393555,-99.16006469726562
236845,2024-09-19 23:58:14,1,2024-09-20 23:58:14,47.5926628112793,-100.0896224975586,47.59246826171875,-100.08948516845705
236845,2024-09-19 23:58:14,2,2024-09-21 23:58:14,47.5926628112793,-100.0896224975586,47.59252166748047,-100.0895004272461
236845,2024-09-19 23:58:14,3,2024-09-22 23:58:14,47.5926628112793,-100.0896224975586,47.59223937988281,-100.08969116210938
236845,2024-09-19 23:58:14,4,2024-09-23 23:58:14,47.5926628112793,-100.0896224975586,47.59247970581055,-100.08968353271484
236845,2024-09-19 23:58:14,5,2024-09-24 23:58:14,47.5926628112793,-100.0896224975586,47.59245681762695,-100.08965301513672
236845,2024-09-19 23:58:14,6,2024-09-25 23:58:14,47.5926628112793,-100.0896224975586,47.59236907958984,-100.08946228027344
236845,2024-09-19 23:58:14,7,2024-09-26 23:58:14,47.5926628112793,-100.0896224975586,47.59185409545898,-100.0879364013672
236846,2024-09-19 23:49:49,1,2024-09-20 23:49:49,52.72887420654297,-107.25328826904295,52.72756576538086,-107.25157928466795
236846,2024-09-19 23:49:49,2,2024-09-21 23:49:49,52.72887420654297,-107.25328826904295,52.7286491394043,-107.25064849853516
236846,2024-09-19 23:49:49,3,2024-09-22 23:49:49,52.72887420654297,-107.25328826904295,52.72721099853516,-107.2528839111328
236846,2024-09-19 23:49:49,4,2024-09-23 23:49:49,52.72887420654297,-107.25328826904295,52.72826385498047,-107.25032806396484
236846,2024-09-19 23:49:49,5,2024-09-24 23:49:49,52.72887420654297,-107.25328826904295,52.72838973999024,-107.2499008178711
236846,2024-09-19 23:49:49,6,2024-09-25 23:49:49,52.72887420654297,-107.25328826904295,52.7316780090332,-107.26229858398438
236846,2024-09-19 23:49:49,7,2024-09-26 23:49:49,52.72887420654297,-107.25328826904295,52.73183822631836,-107.26246643066406
236850,2024-09-19 23:01:25,1,2024-09-20 23:01:25,51.43716812133789,-100.2870864868164,51.42901611328125,-100.28620910644533
236850,2024-09-19 23:01:25,2,2024-09-21 23:01:25,51.43716812133789,-100.2870864868164,51.42905044555664,-100.28604125976562
236850,2024-09-19 23:01:25,3,2024-09-22 23:01:25,51.43716812133789,-100.2870864868164,51.42873001098633,-100.28588104248048
236850,2024-09-19 23:01:25,4,2024-09-23 23:01:25,51.43716812133789,-100.2870864868164,51.42799758911133,-100.285400390625
236850,2024-09-19 23:01:25,5,2024-09-24 23:01:25,51.43716812133789,-100.2870864868164,51.428321838378906,-100.2852020263672
236850,2024-09-19 23:01:25,6,2024-09-25 23:01:25,51.43716812133789,-100.2870864868164,51.42816925048828,-100.28443145751952
236850,2024-09-19 23:01:25,7,2024-09-26 23:01:25,51.43716812133789,-100.2870864868164,51.42805480957031,-100.28446197509766
226611,2024-09-19 23:53:04,1,2024-09-20 23:53:04,45.05001449584961,-98.59002685546876,45.05087661743164,-98.58924865722656
226611,2024-09-19 23:53:04,2,2024-09-21 23:53:04,45.05001449584961,-98.59002685546876,45.05097579956055,-98.5894546508789
226611,2024-09-19 23:53:04,3,2024-09-22 23:53:04,45.05001449584961,-98.59002685546876,45.05097961425781,-98.5893783569336
226611,2024-09-19 23:53:04,4,2024-09-23 23:53:04,45.05001449584961,-98.59002685546876,45.05100631713867,-98.58938598632812
226611,2024-09-19 23:53:04,5,2024-09-24 23:53:04,45.05001449584961,-98.59002685546876,45.0507926940918,-98.58976745605467
226611,2024-09-19 23:53:04,6,2024-09-25 23:53:04,45.05001449584961,-98.59002685546876,45.05085372924805,-98.58929443359376
226611,2024-09-19 23:53:04,7,2024-09-26 23:53:04,45.05001449584961,-98.59002685546876,45.05077362060547,-98.58895874023438
236856,2024-09-19 23:05:18,1,2024-09-20 23:05:18,47.95748901367188,-99.329833984375,47.95771789550781,-99.33050537109376
236856,2024-09-19 23:05:18,2,2024-09-21 23:05:18,47.95748901367188,-99.329833984375,47.95755386352539,-99.3309555053711
236856,2024-09-19 23:05:18,3,2024-09-22 23:05:18,47.95748901367188,-99.329833984375,47.9580078125,-99.33241271972656
236856,2024-09-19 23:05:18,4,2024-09-23 23:05:18,47.95748901367188,-99.329833984375,47.95866775512695,-99.339111328125
236856,2024-09-19 23:05:18,5,2024-09-24 23:05:18,47.95748901367188,-99.329833984375,47.95752716064453,-99.33628845214844
236856,2024-09-19 23:05:18,6,2024-09-25 23:05:18,47.95748901367188,-99.329833984375,47.95769500732422,-99.33617401123048
236856,2024-09-19 23:05:18,7,2024-09-26 23:05:18,47.95748901367188,-99.329833984375,47.9575080871582,-99.33638763427734
236858,2024-09-19 23:27:01,1,2024-09-20 23:27:01,50.54029083251953,-100.47248077392578,50.53913879394531,-100.4725341796875
236858,2024-09-19 23:27:01,2,2024-09-21 23:27:01,50.54029083251953,-100.47248077392578,50.53864288330078,-100.47262573242188
236858,2024-09-19 23:27:01,3,2024-09-22 23:27:01,50.54029083251953,-100.47248077392578,50.53941345214844,-100.47183990478516
236858,2024-09-19 23:27:01,4,2024-09-23 23:27:01,50.54029083251953,-100.47248077392578,50.539398193359375,-100.47181701660156
236858,2024-09-19 23:27:01,5,2024-09-24 23:27:01,50.54029083251953,-100.47248077392578,50.53938293457031,-100.47175598144533
236858,2024-09-19 23:27:01,6,2024-09-25 23:27:01,50.54029083251953,-100.47248077392578,50.53926467895508,-100.47218322753906
236858,2024-09-19 23:27:01,7,2024-09-26 23:27:01,50.54029083251953,-100.47248077392578,50.54615020751953,-100.46884155273438
236861,2024-09-19 23:07:44,1,2024-09-20 23:07:44,52.00490951538086,-81.8137435913086,52.00486373901367,-81.8123779296875
236861,2024-09-19 23:07:44,2,2024-09-21 23:07:44,52.00490951538086,-81.8137435913086,52.00459671020508,-81.81302642822266
236861,2024-09-19 23:07:44,3,2024-09-22 23:07:44,52.00490951538086,-81.8137435913086,52.00450897216797,-81.81306457519531
236861,2024-09-19 23:07:44,4,2024-09-23 23:07:44,52.00490951538086,-81.8137435913086,52.00472259521485,-81.81317901611328
236861,2024-09-19 23:07:44,5,2024-09-24 23:07:44,52.00490951538086,-81.8137435913086,52.00480270385742,-81.81314849853516
236861,2024-09-19 23:07:44,6,2024-09-25 23:07:44,52.00490951538086,-81.8137435913086,52.00465393066406,-81.81304931640625
236861,2024-09-19 23:07:44,7,2024-09-26 23:07:44,52.00490951538086,-81.8137435913086,52.00485610961914,-81.8134536743164
236862,2024-09-19 23:52:44,1,2024-09-20 23:52:44,46.84206771850586,-99.21951293945312,46.84513473510742,-99.22988891601562
236862,2024-09-19 23:52:44,2,2024-09-21 23:52:44,46.84206771850586,-99.21951293945312,46.84526824951172,-99.22972869873048
236862,2024-09-19 23:52:44,3,2024-09-22 23:52:44,46.84206771850586,-99.21951293945312,46.84513092041016,-99.22962951660156
236862,2024-09-19 23:52:44,4,2024-09-23 23:52:44,46.84206771850586,-99.21951293945312,46.84541320800781,-99.23039245605467
236862,2024-09-19 23:52:44,5,2024-09-24 23:52:44,46.84206771850586,-99.21951293945312,46.84565353393555,-99.22991180419922
236862,2024-09-19 23:52:44,6,2024-09-25 23:52:44,46.84206771850586,-99.21951293945312,46.84537506103516,-99.22911834716795
236862,2024-09-19 23:52:44,7,2024-09-26 23:52:44,46.84206771850586,-99.21951293945312,46.84507369995117,-99.2288818359375
236864,2024-09-19 23:34:42,1,2024-09-20 23:34:42,51.46873474121094,-99.2732391357422,51.46862030029297,-99.2736358642578
236864,2024-09-19 23:34:42,2,2024-09-21 23:34:42,51.46873474121094,-99.2732391357422,51.46892929077149,-99.2735595703125
236864,2024-09-19 23:34:42,3,2024-09-22 23:34:42,51.46873474121094,-99.2732391357422,51.46406173706055,-99.27555847167967
236864,2024-09-19 23:34:42,4,2024-09-23 23:34:42,51.46873474121094,-99.2732391357422,51.46440887451172,-99.27569580078124
236864,2024-09-19 23:34:42,5,2024-09-24 23:34:42,51.46873474121094,-99.2732391357422,51.46419143676758,-99.27545166015624
236864,2024-09-19 23:34:42,6,2024-09-25 23:34:42,51.46873474121094,-99.2732391357422,51.464351654052734,-99.2758331298828
236864,2024-09-19 23:34:42,7,2024-09-26 23:34:42,51.46873474121094,-99.2732391357422,51.46401596069336,-99.27481842041016
236865,2024-09-19 23:44:24,1,2024-09-20 23:44:24,53.7812385559082,-101.01980590820312,53.78168869018555,-101.01936340332033
236865,2024-09-19 23:44:24,2,2024-09-21 23:44:24,53.7812385559082,-101.01980590820312,53.78213882446289,-101.01807403564452
236865,2024-09-19 23:44:24,3,2024-09-22 23:44:24,53.7812385559082,-101.01980590820312,53.78217315673828,-101.01909637451172
236865,2024-09-19 23:44:24,4,2024-09-23 23:44:24,53.7812385559082,-101.01980590820312,53.78213119506836,-101.01908111572266
236865,2024-09-19 23:44:24,5,2024-09-24 23:44:24,53.7812385559082,-101.01980590820312,53.78228759765625,-101.01848602294922
236865,2024-09-19 23:44:24,6,2024-09-25 23:44:24,53.7812385559082,-101.01980590820312,53.7755241394043,-101.02484130859376
236865,2024-09-19 23:44:24,7,2024-09-26 23:44:24,53.7812385559082,-101.01980590820312,53.78139877319336,-101.0162353515625
236869,2024-09-19 23:57:15,1,2024-09-20 23:57:15,45.90104675292969,-97.11228942871094,45.900856018066406,-97.11219787597656
236869,2024-09-19 23:57:15,2,2024-09-21 23:57:15,45.90104675292969,-97.11228942871094,45.90055465698242,-97.1120376586914
236869,2024-09-19 23:57:15,3,2024-09-22 23:57:15,45.90104675292969,-97.11228942871094,45.90081024169922,-97.11195373535156
236869,2024-09-19 23:57:15,4,2024-09-23 23:57:15,45.90104675292969,-97.11228942871094,45.90054321289063,-97.1124496459961
236869,2024-09-19 23:57:15,5,2024-09-24 23:57:15,45.90104675292969,-97.11228942871094,45.900787353515625,-97.11233520507812
236869,2024-09-19 23:57:15,6,2024-09-25 23:57:15,45.90104675292969,-97.11228942871094,45.90085220336914,-97.11157989501952
236869,2024-09-19 23:57:15,7,2024-09-26 23:57:15,45.90104675292969,-97.11228942871094,45.90094757080078,-97.1123504638672
236872,2024-09-19 23:03:11,1,2024-09-20 23:03:11,48.87012100219727,-100.27578735351562,48.871212005615234,-100.27713012695312
236872,2024-09-19 23:03:11,2,2024-09-21 23:03:11,48.87012100219727,-100.27578735351562,48.871192932128906,-100.27688598632812
236872,2024-09-19 23:03:11,3,2024-09-22 23:03:11,48.87012100219727,-100.27578735351562,48.8706169128418,-100.27659606933594
236872,2024-09-19 23:03:11,4,2024-09-23 23:03:11,48.87012100219727,-100.27578735351562,48.87077713012695,-100.27434539794922
236872,2024-09-19 23:03:11,5,2024-09-24 23:03:11,48.87012100219727,-100.27578735351562,48.87153244018555,-100.27603149414062
236872,2024-09-19 23:03:11,6,2024-09-25 23:03:11,48.87012100219727,-100.27578735351562,48.8713264465332,-100.27605438232422
236872,2024-09-19 23:03:11,7,2024-09-26 23:03:11,48.87012100219727,-100.27578735351562,48.87105941772461,-100.27696228027344
236875,2024-09-19 23:41:26,1,2024-09-20 23:41:26,48.83077239990234,-103.3678741455078,48.83062362670898,-103.36846160888672
236875,2024-09-19 23:41:26,2,2024-09-21 23:41:26,48.83077239990234,-103.3678741455078,48.83037185668945,-103.367919921875
236875,2024-09-19 23:41:26,3,2024-09-22 23:41:26,48.83077239990234,-103.3678741455078,48.8310546875,-103.36741638183594
236875,2024-09-19 23:41:26,4,2024-09-23 23:41:26,48.83077239990234,-103.3678741455078,48.83091354370117,-103.36742401123048
236875,2024-09-19 23:41:26,5,2024-09-24 23:41:26,48.83077239990234,-103.3678741455078,48.83037185668945,-103.3678970336914
236875,2024-09-19 23:41:26,6,2024-09-25 23:41:26,48.83077239990234,-103.3678741455078,48.83090591430664,-103.36735534667967
236875,2024-09-19 23:41:26,7,2024-09-26 23:41:26,48.83077239990234,-103.3678741455078,48.83916473388672,-103.33795166015624
236885,2024-09-19 23:29:25,1,2024-09-20 23:29:25,47.32808303833008,-99.12696838378906,47.32341766357422,-99.13043212890624
236885,2024-09-19 23:29:25,2,2024-09-21 23:29:25,47.32808303833008,-99.12696838378906,47.32430648803711,-99.13084411621094
236885,2024-09-19 23:29:25,3,2024-09-22 23:29:25,47.32808303833008,-99.12696838378906,47.32466125488281,-99.13044738769533
236885,2024-09-19 23:29:25,4,2024-09-23 23:29:25,47.32808303833008,-99.12696838378906,47.32449722290039,-99.13052368164062
236885,2024-09-19 23:29:25,5,2024-09-24 23:29:25,47.32808303833008,-99.12696838378906,47.32447814941406,-99.13058471679688
236885,2024-09-19 23:29:25,6,2024-09-25 23:29:25,47.32808303833008,-99.12696838378906,47.32456207275391,-99.13016510009766
236885,2024-09-19 23:29:25,7,2024-09-26 23:29:25,47.32808303833008,-99.12696838378906,47.32475662231445,-99.13082885742188
236889,2024-09-19 23:07:46,1,2024-09-20 23:07:46,46.73891830444336,-99.159912109375,46.73905563354492,-99.15995025634766
236889,2024-09-19 23:07:46,2,2024-09-21 23:07:46,46.73891830444336,-99.159912109375,46.73909759521485,-99.15987396240234
236889,2024-09-19 23:07:46,3,2024-09-22 23:07:46,46.73891830444336,-99.159912109375,46.73894500732422,-99.15985870361328
236889,2024-09-19 23:07:46,4,2024-09-23 23:07:46,46.73891830444336,-99.159912109375,46.739105224609375,-99.1599349975586
236889,2024-09-19 23:07:46,5,2024-09-24 23:07:46,46.73891830444336,-99.159912109375,46.73903274536133,-99.1600112915039
236889,2024-09-19 23:07:46,6,2024-09-25 23:07:46,46.73891830444336,-99.159912109375,46.738956451416016,-99.15963745117188
236889,2024-09-19 23:07:46,7,2024-09-26 23:07:46,46.73891830444336,-99.159912109375,46.73043441772461,-99.1597900390625
223122,2024-09-19 23:45:14,1,2024-09-20 23:45:14,50.309757232666016,-99.96852111816406,50.30961608886719,-99.97217559814452
223122,2024-09-19 23:45:14,2,2024-09-21 23:45:14,50.309757232666016,-99.96852111816406,50.31867599487305,-99.9768295288086
223122,2024-09-19 23:45:14,3,2024-09-22 23:45:14,50.309757232666016,-99.96852111816406,50.31783676147461,-99.97691345214844
223122,2024-09-19 23:45:14,4,2024-09-23 23:45:14,50.309757232666016,-99.96852111816406,50.31859970092773,-99.97689819335938
223122,2024-09-19 23:45:14,5,2024-09-24 23:45:14,50.309757232666016,-99.96852111816406,50.31851959228516,-99.9772491455078
223122,2024-09-19 23:45:14,6,2024-09-25 23:45:14,50.309757232666016,-99.96852111816406,50.3192138671875,-99.97574615478516
223122,2024-09-19 23:45:14,7,2024-09-26 23:45:14,50.309757232666016,-99.96852111816406,50.319129943847656,-99.97570037841795
223155,2024-09-19 23:04:44,1,2024-09-20 23:04:44,54.05588912963867,-97.7771224975586,54.05715560913086,-97.77601623535156
223155,2024-09-19 23:04:44,2,2024-09-21 23:04:44,54.05588912963867,-97.7771224975586,54.05720520019531,-97.77611541748048
223155,2024-09-19 23:04:44,3,2024-09-22 23:04:44,54.05588912963867,-97.7771224975586,54.05772399902344,-97.77800750732422
223155,2024-09-19 23:04:44,4,2024-09-23 23:04:44,54.05588912963867,-97.7771224975586,54.05891036987305,-97.77751159667967
223155,2024-09-19 23:04:44,5,2024-09-24 23:04:44,54.05588912963867,-97.7771224975586,54.05807495117188,-97.77406311035156
223155,2024-09-19 23:04:44,6,2024-09-25 23:04:44,54.05588912963867,-97.7771224975586,54.05712127685547,-97.77361297607422
223155,2024-09-19 23:04:44,7,2024-09-26 23:04:44,54.05588912963867,-97.7771224975586,54.05641555786133,-97.7744369506836
223175,2024-09-19 23:39:37,1,2024-09-20 23:39:37,43.19903945922852,-89.9748306274414,43.198768615722656,-89.97437286376953
223175,2024-09-19 23:39:37,2,2024-09-21 23:39:37,43.19903945922852,-89.9748306274414,43.19888305664063,-89.97431182861328
223175,2024-09-19 23:39:37,3,2024-09-22 23:39:37,43.19903945922852,-89.9748306274414,43.19891357421875,-89.97433471679688
223175,2024-09-19 23:39:37,4,2024-09-23 23:39:37,43.19903945922852,-89.9748306274414,43.19890594482422,-89.97435760498047
223175,2024-09-19 23:39:37,5,2024-09-24 23:39:37,43.19903945922852,-89.9748306274414,43.19893264770508,-89.9739990234375
223175,2024-09-19 23:39:37,6,2024-09-25 23:39:37,43.19903945922852,-89.9748306274414,43.2089729309082,-89.96956634521484
223175,2024-09-19 23:39:37,7,2024-09-26 23:39:37,43.19903945922852,-89.9748306274414,43.198768615722656,-89.97425079345703
234441,2024-09-19 22:44:36,1,2024-09-20 22:44:36,50.54079055786133,-100.81120300292967,50.54072952270508,-100.81121826171876
234441,2024-09-19 22:44:36,2,2024-09-21 22:44:36,50.54079055786133,-100.81120300292967,50.54072189331055,-100.81127166748048
234441,2024-09-19 22:44:36,3,2024-09-22 22:44:36,50.54079055786133,-100.81120300292967,50.540748596191406,-100.81122589111328
234441,2024-09-19 22:44:36,4,2024-09-23 22:44:36,50.54079055786133,-100.81120300292967,50.54068756103516,-100.81126403808594
234441,2024-09-19 22:44:36,5,2024-09-24 22:44:36,50.54079055786133,-100.81120300292967,50.54167175292969,-100.79708099365234
234441,2024-09-19 22:44:36,6,2024-09-25 22:44:36,50.54079055786133,-100.81120300292967,50.541786193847656,-100.79702758789062
234441,2024-09-19 22:44:36,7,2024-09-26 22:44:36,50.54079055786133,-100.81120300292967,50.54167556762695,-100.7970199584961
234442,2024-09-19 23:19:09,1,2024-09-20 23:19:09,48.29440307617188,-99.21290588378906,48.2933464050293,-99.21134185791016
234442,2024-09-19 23:19:09,2,2024-09-21 23:19:09,48.29440307617188,-99.21290588378906,48.294395446777344,-99.21234893798828
234442,2024-09-19 23:19:09,3,2024-09-22 23:19:09,48.29440307617188,-99.21290588378906,48.29497146606445,-99.21208953857422
234442,2024-09-19 23:19:09,4,2024-09-23 23:19:09,48.29440307617188,-99.21290588378906,48.294551849365234,-99.21129608154295
234442,2024-09-19 23:19:09,5,2024-09-24 23:19:09,48.29440307617188,-99.21290588378906,48.29262161254883,-99.21318817138672
234442,2024-09-19 23:19:09,6,2024-09-25 23:19:09,48.29440307617188,-99.21290588378906,48.2927131652832,-99.21190643310548
234442,2024-09-19 23:19:09,7,2024-09-26 23:19:09,48.29440307617188,-99.21290588378906,48.293983459472656,-99.21131896972656
234445,2024-09-19 23:03:56,1,2024-09-20 23:03:56,43.12995910644531,-92.5409164428711,43.12989044189453,-92.54097747802734
234445,2024-09-19 23:03:56,2,2024-09-21 23:03:56,43.12995910644531,-92.5409164428711,43.13034057617188,-92.5409698486328
234445,2024-09-19 23:03:56,3,2024-09-22 23:03:56,43.12995910644531,-92.5409164428711,43.12981033325195,-92.54119873046876
234445,2024-09-19 23:03:56,4,2024-09-23 23:03:56,43.12995910644531,-92.5409164428711,43.12963485717773,-92.54149627685548
234445,2024-09-19 23:03:56,5,2024-09-24 23:03:56,43.12995910644531,-92.5409164428711,43.130638122558594,-92.54156494140624
234445,2024-09-19 23:03:56,6,2024-09-25 23:03:56,43.12995910644531,-92.5409164428711,43.129920959472656,-92.5408935546875
234445,2024-09-19 23:03:56,7,2024-09-26 23:03:56,43.12995910644531,-92.5409164428711,43.12870407104492,-92.5404815673828
234447,2024-09-19 23:58:42,1,2024-09-20 23:58:42,52.55000686645508,-105.4725341796875,52.550537109375,-105.46280670166016
234447,2024-09-19 23:58:42,2,2024-09-21 23:58:42,52.55000686645508,-105.4725341796875,52.550418853759766,-105.46257781982422
234447,2024-09-19 23:58:42,3,2024-09-22 23:58:42,52.55000686645508,-105.4725341796875,52.55029678344727,-105.4626693725586
234447,2024-09-19 23:58:42,4,2024-09-23 23:58:42,52.55000686645508,-105.4725341796875,52.54840850830078,-105.46268463134766
234447,2024-09-19 23:58:42,5,2024-09-24 23:58:42,52.55000686645508,-105.4725341796875,52.55007553100586,-105.46321868896484
234447,2024-09-19 23:58:42,6,2024-09-25 23:58:42,52.55000686645508,-105.4725341796875,52.550254821777344,-105.46297454833984
234447,2024-09-19 23:58:42,7,2024-09-26 23:58:42,52.55000686645508,-105.4725341796875,52.55018615722656,-105.4731674194336
234449,2024-09-19 23:25:59,1,2024-09-20 23:25:59,53.91630935668945,-100.58647918701172,53.82780075073242,-100.6463394165039
234449,2024-09-19 23:25:59,2,2024-09-21 23:25:59,53.91630935668945,-100.58647918701172,53.82776641845703,-100.6463394165039
234449,2024-09-19 23:25:59,3,2024-09-22 23:25:59,53.91630935668945,-100.58647918701172,53.82768630981445,-100.6463851928711
234449,2024-09-19 23:25:59,4,2024-09-23 23:25:59,53.91630935668945,-100.58647918701172,53.8248291015625,-100.64549255371094
234449,2024-09-19 23:25:59,5,2024-09-24 23:25:59,53.91630935668945,-100.58647918701172,53.82549285888672,-100.64413452148438
234449,2024-09-19 23:25:59,6,2024-09-25 23:25:59,53.91630935668945,-100.58647918701172,53.824806213378906,-100.64539337158205
234449,2024-09-19 23:25:59,7,2024-09-26 23:25:59,53.91630935668945,-100.58647918701172,53.82558441162109,-100.64545440673828
234451,2024-09-19 23:52:49,1,2024-09-20 23:52:49,50.08697891235352,-100.57952880859376,50.078712463378906,-100.58119201660156
234451,2024-09-19 23:52:49,2,2024-09-21 23:52:49,50.08697891235352,-100.57952880859376,50.08722305297852,-100.57978057861328
234451,2024-09-19 23:52:49,3,2024-09-22 23:52:49,50.08697891235352,-100.57952880859376,50.08697891235352,-100.5795440673828
234451,2024-09-19 23:52:49,4,2024-09-23 23:52:49,50.08697891235352,-100.57952880859376,50.07882308959961,-100.57759857177734
234451,2024-09-19 23:52:49,5,2024-09-24 23:52:49,50.08697891235352,-100.57952880859376,50.078739166259766,-100.57769012451172
234451,2024-09-19 23:52:49,6,2024-09-25 23:52:49,50.08697891235352,-100.57952880859376,50.07874298095703,-100.57754516601562
234451,2024-09-19 23:52:49,7,2024-09-26 23:52:49,50.08697891235352,-100.57952880859376,50.078758239746094,-100.57775115966795
234452,2024-09-19 23:00:24,1,2024-09-20 23:00:24,52.617279052734375,-106.36431121826172,52.61719131469727,-106.36432647705078
234452,2024-09-19 23:00:24,2,2024-09-21 23:00:24,52.617279052734375,-106.36431121826172,52.61741638183594,-106.36404418945312
234452,2024-09-19 23:00:24,3,2024-09-22 23:00:24,52.617279052734375,-106.36431121826172,52.61739349365234,-106.36402130126952
234452,2024-09-19 23:00:24,4,2024-09-23 23:00:24,52.617279052734375,-106.36431121826172,52.617454528808594,-106.36409759521484
234452,2024-09-19 23:00:24,5,2024-09-24 23:00:24,52.617279052734375,-106.36431121826172,52.61753463745117,-106.36397552490234
234452,2024-09-19 23:00:24,6,2024-09-25 23:00:24,52.617279052734375,-106.36431121826172,52.61742401123047,-106.3638916015625
234452,2024-09-19 23:00:24,7,2024-09-26 23:00:24,52.617279052734375,-106.36431121826172,52.61750793457031,-106.36387634277344
234453,2024-09-19 23:08:10,1,2024-09-20 23:08:10,50.30432891845703,-102.81332397460938,50.30424118041992,-102.81341552734376
234453,2024-09-19 23:08:10,2,2024-09-21 23:08:10,50.30432891845703,-102.81332397460938,50.30435943603516,-102.81336975097656
234453,2024-09-19 23:08:10,3,2024-09-22 23:08:10,50.30432891845703,-102.81332397460938,50.30401611328125,-102.81317138671876
234453,2024-09-19 23:08:10,4,2024-09-23 23:08:10,50.30432891845703,-102.81332397460938,50.302616119384766,-102.81257629394533
234453,2024-09-19 23:08:10,5,2024-09-24 23:08:10,50.30432891845703,-102.81332397460938,50.30299758911133,-102.81244659423828
234453,2024-09-19 23:08:10,6,2024-09-25 23:08:10,50.30432891845703,-102.81332397460938,50.30303192138672,-102.81250762939452
234453,2024-09-19 23:08:10,7,2024-09-26 23:08:10,50.30432891845703,-102.81332397460938,50.30315780639648,-102.81256866455078
234468,2024-09-19 23:26:21,1,2024-09-20 23:26:21,50.398475646972656,-100.691162109375,50.38949966430664,-100.69181060791016
234468,2024-09-19 23:26:21,2,2024-09-21 23:26:21,50.398475646972656,-100.691162109375,50.38939666748047,-100.69184112548828
234468,2024-09-19 23:26:21,3,2024-09-22 23:26:21,50.398475646972656,-100.691162109375,50.39149856567383,-100.68618774414062
234468,2024-09-19 23:26:21,4,2024-09-23 23:26:21,50.398475646972656,-100.691162109375,50.39152526855469,-100.6862335205078
234468,2024-09-19 23:26:21,5,2024-09-24 23:26:21,50.398475646972656,-100.691162109375,50.39458847045898,-100.68743133544922
234468,2024-09-19 23:26:21,6,2024-09-25 23:26:21,50.398475646972656,-100.691162109375,50.39432907104492,-100.68717193603516
234468,2024-09-19 23:26:21,7,2024-09-26 23:26:21,50.398475646972656,-100.691162109375,50.39404678344727,-100.6898956298828
234469,2024-09-19 23:10:42,1,2024-09-20 23:10:42,49.21630096435547,-100.5986099243164,49.21633529663086,-100.59857177734376
234469,2024-09-19 23:10:42,2,2024-09-21 23:10:42,49.21630096435547,-100.5986099243164,49.217227935791016,-100.59850311279295
234469,2024-09-19 23:10:42,3,2024-09-22 23:10:42,49.21630096435547,-100.5986099243164,49.217041015625,-100.59870147705078
234469,2024-09-19 23:10:42,4,2024-09-23 23:10:42,49.21630096435547,-100.5986099243164,49.21712493896485,-100.59830474853516
234469,2024-09-19 23:10:42,5,2024-09-24 23:10:42,49.21630096435547,-100.5986099243164,49.21710205078125,-100.59840393066406
234469,2024-09-19 23:10:42,6,2024-09-25 23:10:42,49.21630096435547,-100.5986099243164,49.21718215942383,-100.598388671875
234469,2024-09-19 23:10:42,7,2024-09-26 23:10:42,49.21630096435547,-100.5986099243164,49.21721649169922,-100.5985107421875
234470,2024-09-19 23:54:39,1,2024-09-20 23:54:39,45.2999267578125,-92.9811553955078,45.29965591430664,-92.98194885253906
234470,2024-09-19 23:54:39,2,2024-09-21 23:54:39,45.2999267578125,-92.9811553955078,45.29961013793945,-92.98214721679688
234470,2024-09-19 23:54:39,3,2024-09-22 23:54:39,45.2999267578125,-92.9811553955078,45.29954528808594,-92.9822769165039
234470,2024-09-19 23:54:39,4,2024-09-23 23:54:39,45.2999267578125,-92.9811553955078,45.29881286621094,-92.99234008789062
234470,2024-09-19 23:54:39,5,2024-09-24 23:54:39,45.2999267578125,-92.9811553955078,45.30946350097656,-92.97692108154295
234470,2024-09-19 23:54:39,6,2024-09-25 23:54:39,45.2999267578125,-92.9811553955078,45.29949188232422,-92.981201171875
234470,2024-09-19 23:54:39,7,2024-09-26 23:54:39,45.2999267578125,-92.9811553955078,45.29964447021485,-92.98155212402344
234472,2024-09-19 23:28:31,1,2024-09-20 23:28:31,47.34160614013672,-99.42510986328124,47.34165954589844,-99.42515563964844
234472,2024-09-19 23:28:31,2,2024-09-21 23:28:31,47.34160614013672,-99.42510986328124,47.34152603149414,-99.4251937866211
234472,2024-09-19 23:28:31,3,2024-09-22 23:28:31,47.34160614013672,-99.42510986328124,47.34152603149414,-99.42532348632812
234472,2024-09-19 23:28:31,4,2024-09-23 23:28:31,47.34160614013672,-99.42510986328124,47.341426849365234,-99.42503356933594
234472,2024-09-19 23:28:31,5,2024-09-24 23:28:31,47.34160614013672,-99.42510986328124,47.34160614013672,-99.42517852783205
234472,2024-09-19 23:28:31,6,2024-09-25 23:28:31,47.34160614013672,-99.42510986328124,47.34166717529297,-99.42501068115234
234472,2024-09-19 23:28:31,7,2024-09-26 23:28:31,47.34160614013672,-99.42510986328124,47.341796875,-99.40747833251952
234475,2024-09-19 23:05:59,1,2024-09-20 23:05:59,49.69832992553711,-100.2891616821289,49.69830322265625,-100.28919219970705
234475,2024-09-19 23:05:59,2,2024-09-21 23:05:59,49.69832992553711,-100.2891616821289,49.69831466674805,-100.28919219970705
234475,2024-09-19 23:05:59,3,2024-09-22 23:05:59,49.69832992553711,-100.2891616821289,49.69889450073242,-100.29476165771484
234475,2024-09-19 23:05:59,4,2024-09-23 23:05:59,49.69832992553711,-100.2891616821289,49.69879913330078,-100.29486083984376
234475,2024-09-19 23:05:59,5,2024-09-24 23:05:59,49.69832992553711,-100.2891616821289,49.6987533569336,-100.29479217529295
234475,2024-09-19 23:05:59,6,2024-09-25 23:05:59,49.69832992553711,-100.2891616821289,49.69881439208984,-100.2947235107422
234475,2024-09-19 23:05:59,7,2024-09-26 23:05:59,49.69832992553711,-100.2891616821289,49.69891357421875,-100.29476165771484
234480,2024-09-19 23:53:05,1,2024-09-20 23:53:05,36.27737808227539,-88.85257720947266,36.27736282348633,-88.8524169921875
234480,2024-09-19 23:53:05,2,2024-09-21 23:53:05,36.27737808227539,-88.85257720947266,36.27804946899414,-88.85240936279297
234480,2024-09-19 23:53:05,3,2024-09-22 23:53:05,36.27737808227539,-88.85257720947266,36.277469635009766,-88.8526611328125
234480,2024-09-19 23:53:05,4,2024-09-23 23:53:05,36.27737808227539,-88.85257720947266,36.27767181396485,-88.85221099853516
234480,2024-09-19 23:53:05,5,2024-09-24 23:53:05,36.27737808227539,-88.85257720947266,36.27793884277344,-88.85184478759766
234480,2024-09-19 23:53:05,6,2024-09-25 23:53:05,36.27737808227539,-88.85257720947266,36.27812957763672,-88.85150909423828
234480,2024-09-19 23:53:05,7,2024-09-26 23:53:05,36.27737808227539,-88.85257720947266,36.27790451049805,-88.85166931152344
234486,2024-09-19 23:53:08,1,2024-09-20 23:53:08,37.0131950378418,-90.16634368896484,37.01405715942383,-90.16632080078124
234486,2024-09-19 23:53:08,2,2024-09-21 23:53:08,37.0131950378418,-90.16634368896484,37.013484954833984,-90.1656265258789
234486,2024-09-19 23:53:08,3,2024-09-22 23:53:08,37.0131950378418,-90.16634368896484,37.01367568969727,-90.16593170166016
234486,2024-09-19 23:53:08,4,2024-09-23 23:53:08,37.0131950378418,-90.16634368896484,37.01316452026367,-90.16573333740234
234486,2024-09-19 23:53:08,5,2024-09-24 23:53:08,37.0131950378418,-90.16634368896484,37.01302337646485,-90.1656494140625
234486,2024-09-19 23:53:08,6,2024-09-25 23:53:08,37.0131950378418,-90.16634368896484,37.01324081420898,-90.16575622558594
234486,2024-09-19 23:53:08,7,2024-09-26 23:53:08,37.0131950378418,-90.16634368896484,37.01300048828125,-90.1657485961914
234488,2024-09-19 23:03:36,1,2024-09-20 23:03:36,51.071231842041016,-103.74700927734376,51.07130432128906,-103.74689483642578
234488,2024-09-19 23:03:36,2,2024-09-21 23:03:36,51.071231842041016,-103.74700927734376,51.070987701416016,-103.74668884277344
234488,2024-09-19 23:03:36,3,2024-09-22 23:03:36,51.071231842041016,-103.74700927734376,51.0708236694336,-103.74674987792967
234488,2024-09-19 23:03:36,4,2024-09-23 23:03:36,51.071231842041016,-103.74700927734376,51.07090377807617,-103.74652862548828
234488,2024-09-19 23:03:36,5,2024-09-24 23:03:36,51.071231842041016,-103.74700927734376,51.0715217590332,-103.74661254882812
234488,2024-09-19 23:03:36,6,2024-09-25 23:03:36,51.071231842041016,-103.74700927734376,51.07112884521485,-103.74686431884766
234488,2024-09-19 23:03:36,7,2024-09-26 23:03:36,51.071231842041016,-103.74700927734376,51.0711784362793,-103.74695587158205
234489,2024-09-19 23:42:35,1,2024-09-20 23:42:35,38.49794006347656,-90.24678802490234,38.502254486083984,-90.24956512451172
234489,2024-09-19 23:42:35,2,2024-09-21 23:42:35,38.49794006347656,-90.24678802490234,38.50221252441406,-90.24927520751952
234489,2024-09-19 23:42:35,3,2024-09-22 23:42:35,38.49794006347656,-90.24678802490234,38.503047943115234,-90.24808502197266
234489,2024-09-19 23:42:35,4,2024-09-23 23:42:35,38.49794006347656,-90.24678802490234,38.501766204833984,-90.24885559082033
234489,2024-09-19 23:42:35,5,2024-09-24 23:42:35,38.49794006347656,-90.24678802490234,38.501747131347656,-90.2488250732422
234489,2024-09-19 23:42:35,6,2024-09-25 23:42:35,38.49794006347656,-90.24678802490234,38.50163650512695,-90.2486572265625
234489,2024-09-19 23:42:35,7,2024-09-26 23:42:35,38.49794006347656,-90.24678802490234,38.50291061401367,-90.24813842773438
234490,2024-09-19 23:01:35,1,2024-09-20 23:01:35,52.32002258300781,-104.13275146484376,52.31986618041992,-104.13253021240234
234490,2024-09-19 23:01:35,2,2024-09-21 23:01:35,52.32002258300781,-104.13275146484376,52.31996154785156,-104.1327133178711
234490,2024-09-19 23:01:35,3,2024-09-22 23:01:35,52.32002258300781,-104.13275146484376,52.31957244873047,-104.13322448730467
234490,2024-09-19 23:01:35,4,2024-09-23 23:01:35,52.32002258300781,-104.13275146484376,52.31915664672852,-104.1330337524414
234490,2024-09-19 23:01:35,5,2024-09-24 23:01:35,52.32002258300781,-104.13275146484376,52.31913375854492,-104.13296508789062
234490,2024-09-19 23:01:35,6,2024-09-25 23:01:35,52.32002258300781,-104.13275146484376,52.319244384765625,-104.13323974609376
234490,2024-09-19 23:01:35,7,2024-09-26 23:01:35,52.32002258300781,-104.13275146484376,52.32000350952149,-104.13262176513672
